D:\Projects\Python\Lab\Offloading_to_Vehicles_2\Mec_ver4-main\result/DDQN/somay,distance,may0,may1,may2,may3,reward
0,0,167.0,0.0,0.0,0.0,0
0,0,167.16341145833334,0.0,0.0,0.0,0
1,0.2008587899892413,167.16341145833334,0.5873835173929168,0.0,0.0,1
1,0.2008587899892413,167.16341145833334,1.079571017392917,0.0,0.0,0.9126211420874085
0,0,161.32779947916669,0.0,0.0,0.0,0
0,0,161.49283854166669,0.0,0.0,0.0,0
0,0,158.65852864583334,0.0,0.0,0.0,0
0,0,144.82421875,0.0,0.0,0.0,0
2,0.2886688012785054,141.82421875,0.0,0.5450034970991713,0.0,1
0,0,140.99055989583334,0.0,0.0,0.0,0
0,0,140.15755208333334,0.0,0.0,0.0,0
0,0,139.32486979166669,0.0,0.0,0.0,0
0,0,137.49251302083334,0.0,0.0,0.0,0
0,0,136.66048177083334,0.0,0.0,0.0,0
2,0.2886688012785054,136.66048177083334,0.0,0.5513434999725996,0.0,1
2,0.2886688012785054,134.66048177083334,0.0,0.5522859797139519,0.0,1
0,0,126.82942708333334,0.0,0.0,0.0,0
0,0,125.99837239583334,0.0,0.0,0.0,0
0,0,126.16764322916667,0.0,0.0,0.0,0
0,0,125.3369140625,0.0,0.0,0.0,0
0,0,123.50618489583333,0.0,0.0,0.0,0
0,0,119.67545572916666,0.0,0.0,0.0,0
0,0,119.84505208333333,0.0,0.0,0.0,0
0,0,118.01497395833333,0.0,0.0,0.0,0
0,0,115.18489583333333,0.0,0.0,0.0,0
0,0,115.35514322916666,0.0,0.0,0.0,0
0,0,113.52571614583333,0.0,0.0,0.0,0
0,0,113.69759114583333,0.0,0.0,0.0,0
0,0,113.86946614583333,0.0,0.0,0.0,0
0,0,114.04166666666666,0.0,0.0,0.0,0
0,0,114.21419270833333,0.0,0.0,0.0,0
0,0,114.38704427083333,0.0,0.0,0.0,0
0,0,114.56022135416666,0.0,0.0,0.0,0
0,0,113.73437499999999,0.0,0.0,0.0,0
0,0,112.90917968749999,0.0,0.0,0.0,0
0,0,112.08430989583331,0.0,0.0,0.0,0
0,0,112.26041666666664,0.0,0.0,0.0,0
1,0.3019868049327633,111.26041666666664,0.6669625647143278,0.0,0.0,1
0,0,111.43684895833331,0.6669625647143278,0.0,0.0,0
0,0,111.61393229166664,0.6669625647143278,0.0,0.0,0
0,0,111.79101562499997,0.6669625647143278,0.0,0.0,0
0,0,111.96842447916664,0.6669625647143278,0.0,0.0,0
2,0.2886688012785054,110.96842447916664,0.0,0.5770895444403694,0.0,1
0,0,110.14583333333331,0.0,0.0,0.0,0
0,0,110.32324218749999,0.0,0.0,0.0,0
0,0,110.50097656249999,0.0,0.0,0.0,0
0,0,109.67903645833331,0.0,0.0,0.0,0
0,0,108.85709635416664,0.0,0.0,0.0,0
0,0,109.03548177083331,0.0,0.0,0.0,0
0,0,108.21386718749999,0.0,0.0,0.0,0
0,0,107.39257812499999,0.0,0.0,0.0,0
0,0,105.57128906249999,0.0,0.0,0.0,0
0,0,104.74999999999999,0.0,0.0,0.0,0
0,0,103.92871093749999,0.0,0.0,0.0,0
3,0.29383709838111033,102.92871093749999,0.0,0.0,0.6733952110848421,1
0,0,103.10774739583331,0.0,0.0,0.6733952110848421,0
0,0,103.28776041666664,0.0,0.0,0.6733952110848421,0
0,0,103.46809895833331,0.0,0.0,0.6733952110848421,0
0,0,102.64843749999999,0.0,0.0,0.0,0
0,0,102.82910156249999,0.0,0.0,0.0,0
0,0,102.00976562499999,0.0,0.0,0.0,0
0,0,101.19075520833331,0.0,0.0,0.0,0
0,0,101.37239583333331,0.0,0.0,0.0,0
0,0,101.55436197916664,0.0,0.0,0.0,0
0,0,100.73665364583331,0.0,0.0,0.0,0
0,0,100.91894531249999,0.0,0.0,0.0,0
0,0,100.10253906249999,0.0,0.0,0.0,0
0,0,100.28645833333331,0.0,0.0,0.0,0
0,0,100.47135416666664,0.0,0.0,0.0,0
0,0,100.65624999999997,0.0,0.0,0.0,0
0,0,100.84179687499997,0.0,0.0,0.0,0
0,0,100.02734374999997,0.0,0.0,0.0,0
0,0,100.2132161458333,0.0,0.0,0.0,0
0,0,100.3997395833333,0.0,0.0,0.0,0
0,0,100.58691406249997,0.0,0.0,0.0,0
0,0,100.7747395833333,0.0,0.0,0.0,0
0,0,100.96289062499997,0.0,0.0,0.0,0
0,0,100.15136718749997,0.0,0.0,0.0,0
0,0,100.3401692708333,0.0,0.0,0.0,0
0,0,100.5296223958333,0.0,0.0,0.0,0
0,0,100.71940104166663,0.0,0.0,0.0,0
0,0,100.90917968749996,0.0,0.0,0.0,0
0,0,100.09895833333329,0.0,0.0,0.0,0
0,0,100.28971354166661,0.0,0.0,0.0,0
0,0,99.48046874999994,0.0,0.0,0.0,0
0,0,99.67122395833327,0.0,0.0,0.0,0
0,0,98.86263020833327,0.0,0.0,0.0,0
0,0,99.0543619791666,0.0,0.0,0.0,0
0,0,99.24641927083327,0.0,0.0,0.0,0
0,0,99.43847656249994,0.0,0.0,0.0,0
0,0,99.63085937499994,0.0,0.0,0.0,0
0,0,99.82356770833327,0.0,0.0,0.0,0
0,0,99.01692708333327,0.0,0.0,0.0,0
0,0,99.21028645833327,0.0,0.0,0.0,0
0,0,99.40364583333327,0.0,0.0,0.0,0
0,0,99.5973307291666,0.0,0.0,0.0,0
0,0,98.79134114583327,0.0,0.0,0.0,0
0,0,98.98535156249994,0.0,0.0,0.0,0
0,0,98.18001302083327,0.0,0.0,0.0,0
0,0,98.37630208333327,0.0,0.0,0.0,0
0,0,98.57356770833327,0.0,0.0,0.0,0
0,0,98.77180989583327,0.0,0.0,0.0,0
0,0,98.97005208333327,0.0,0.0,0.0,0
0,0,99.16894531249994,0.0,0.0,0.0,0
0,0,98.36848958333327,0.0,0.0,0.0,0
0,0,97.56835937499994,0.0,0.0,0.0,0
0,0,97.76855468749994,0.0,0.0,0.0,0
0,0,97.96874999999994,0.0,0.0,0.0,0
0,0,97.16959635416661,0.0,0.0,0.0,0
0,0,97.37109374999994,0.0,0.0,0.0,0
0,0,97.57259114583327,0.0,0.0,0.0,0
0,0,97.77441406249994,0.0,0.0,0.0,0
0,0,97.97623697916661,0.0,0.0,0.0,0
0,0,97.17805989583329,0.0,0.0,0.0,0
3,0.2495202046020737,97.17805989583329,0.0,0.0,0.7320298654985125,1
2,0.2886688012785054,97.17805989583329,0.0,0.6479876749702509,0.7320298654985125,1
0,0,96.38085937499996,0.0,0.0,0.0,0
0,0,96.58365885416663,0.0,0.0,0.0,0
0,0,96.78678385416663,0.0,0.0,0.0,0
0,0,96.98990885416663,0.0,0.0,0.0,0
0,0,97.19335937499996,0.0,0.0,0.0,0
0,0,96.39713541666663,0.0,0.0,0.0,0
0,0,96.6009114583333,0.0,0.0,0.0,0
1,0.23456812830374862,96.6009114583333,0.7314808142891518,0.0,0.0,1
3,0.24430645239277526,96.6009114583333,0.7314808142891518,0.0,0.7354355035420833,1
3,0.24430645239277526,96.6009114583333,0.7314808142891518,0.0,1.3496933160420834,0.9352330535584865
3,0.24169957628812605,95.6009114583333,0.0,0.0,0.9649276910420834,1
3,0.24169957628812605,95.6009114583333,0.0,0.0,1.5801620660420834,0.7587903677098714
3,0.24169957628812605,95.6009114583333,0.0,0.0,2.1963730035420834,0.27970612787808935
3,0.24169957628812605,95.6009114583333,0.0,0.0,2.8125839410420834,0
3,0.24169957628812605,95.6009114583333,0.0,0.0,3.4307480035420834,0
3,0.23909270018347684,94.6009114583333,0.0,0.0,3.0489120660420834,0
3,0.23909270018347684,94.6009114583333,0.0,0.0,3.6670761285420834,0
3,0.23909270018347684,94.6009114583333,0.0,0.0,4.285240191042083,0
2,0.2886688012785054,94.6009114583333,0.0,0.6596834648405356,4.285240191042083,1
3,0.23909270018347684,94.6009114583333,0.0,0.6596834648405356,4.905357378542083,0
3,0.23648582407882762,93.6009114583333,0.0,0.0,4.525474566042083,0
3,0.23648582407882762,93.6009114583333,0.0,0.0,5.146568316042083,0
2,0.2886688012785054,93.6009114583333,0.0,0.6625109040645927,5.146568316042083,1
3,0.23648582407882762,93.6009114583333,0.0,0.6625109040645927,5.770591753542083,0
3,0.23648582407882762,93.6009114583333,0.0,0.6625109040645927,6.396568316042083,0
3,0.23648582407882762,93.6009114583333,0.0,0.6625109040645927,7.022544878542083,0
3,0.2338789479741784,92.6009114583333,0.0,0.0,6.648521441042083,0
3,0.2338789479741784,92.6009114583333,0.0,0.0,7.275474566042083,0
3,0.2338789479741784,92.6009114583333,0.0,0.0,7.903404253542083,0
3,0.2338789479741784,92.6009114583333,0.0,0.0,8.532310503542083,0
3,0.2338789479741784,92.6009114583333,0.0,0.0,9.162193316042083,0
3,0.2338789479741784,92.6009114583333,0.0,0.0,9.793052691042083,0
3,0.23127207186952917,91.6009114583333,0.0,0.0,9.423912066042083,0
3,0.23127207186952917,91.6009114583333,0.0,0.0,10.055748003542083,0
3,0.23127207186952917,91.6009114583333,0.0,0.0,10.688560503542083,0
3,0.23127207186952917,91.6009114583333,0.0,0.0,11.322349566042083,0
3,0.23127207186952917,91.6009114583333,0.0,0.0,11.957115191042083,0
3,0.22866519576487998,90.6009114583333,0.0,0.0,11.591880816042083,0
3,0.22866519576487998,90.6009114583333,0.0,0.0,12.227623003542083,0
3,0.22866519576487998,90.6009114583333,0.0,0.0,12.864341753542083,0
3,0.22866519576487998,90.6009114583333,0.0,0.0,13.501060503542083,0
0,0,90.81347656249997,0.0,0.0,13.501060503542083,0
3,0.22866519576487998,90.81347656249997,0.0,0.0,14.141685503542083,0
3,0.22866519576487998,90.81347656249997,0.0,0.0,14.783287066042083,0
3,0.22605831966023074,89.81347656249997,0.0,0.0,14.427818316042083,0
0,0,90.0286458333333,0.0,0.0,14.427818316042083,0
2,0.2886688012785054,90.0286458333333,0.0,0.6852590955150671,14.427818316042083,1
3,0.2208445674509323,88.0286458333333,0.0,0.0,13.078208941042083,0
3,0.2208445674509323,88.0286458333333,0.0,0.0,13.731529253542083,0
3,0.4815321779158539,87.0286458333333,0.0,0.0,13.384849566042083,0
3,0.4815321779158539,87.0286458333333,0.0,0.0,14.039146441042083,0
3,0.4815321779158539,87.0286458333333,0.0,0.0,14.693443316042083,0
3,0.4815321779158539,87.0286458333333,0.0,0.0,15.348716753542083,0
3,0.4815321779158539,87.0286458333333,0.0,0.0,16.004966753542085,0
3,0.4815321779158539,87.0286458333333,0.0,0.0,16.661216753542085,0
3,0.4815321779158539,87.0286458333333,0.0,0.0,17.321373003542085,0
3,0.4815321779158539,87.0286458333333,0.0,0.0,17.981529253542085,0
3,0.4815321779158539,87.0286458333333,0.0,0.0,18.642662066042085,0
3,0.4815321779158539,87.0286458333333,0.0,0.0,19.304771441042085,0
3,0.5988135976167553,86.0286458333333,0.0,0.0,18.971763628542085,0
3,0.5988135976167553,86.0286458333333,0.0,0.0,19.639732378542085,0
3,0.5988135976167553,86.0286458333333,0.0,0.0,20.307701128542085,0
3,0.5988135976167553,86.0286458333333,0.0,0.0,20.977623003542085,0
3,0.5976407834197464,85.0286458333333,0.0,0.0,20.652427691042085,0
3,0.5976407834197464,85.0286458333333,0.0,0.0,21.327232378542085,0
3,0.5976407834197464,85.0286458333333,0.0,0.0,22.004966753542085,0
3,0.5976407834197464,85.0286458333333,0.0,0.0,22.683677691042085,0
1,0.20760065765214278,85.0286458333333,0.7941558201921508,0.0,22.683677691042085,1
3,0.5976407834197464,85.0286458333333,0.7941558201921508,0.0,23.364341753542085,0
3,0.5976407834197464,85.0286458333333,0.7941558201921508,0.0,24.045982378542085,0
3,0.5976407834197464,85.0286458333333,0.7941558201921508,0.0,24.730552691042085,0
3,0.5964679692227375,84.0286458333333,0.0,0.0,24.416099566042085,0
3,0.5964679692227375,84.0286458333333,0.0,0.0,25.103599566042085,0
3,0.5964679692227375,84.0286458333333,0.0,0.0,25.792076128542085,0
3,0.5964679692227375,84.0286458333333,0.0,0.0,26.481529253542085,0
3,0.5964679692227375,84.0286458333333,0.0,0.0,27.171958941042085,0
2,0.2886688012785054,84.0286458333333,0.0,0.72899572733897,27.171958941042085,1
3,0.5964679692227375,84.0286458333333,0.0,0.72899572733897,27.866294878542085,0
2,0.2886688012785054,84.0286458333333,0.0,1.30760900858897,27.866294878542085,1
2,0.2886688012785054,84.0286458333333,0.0,1.8870360919223033,27.866294878542085,0.6974600656830088
2,0.2886688012785054,84.0286458333333,0.0,2.46727697733897,27.866294878542085,0.30199847664858315
2,0.2886688012785054,84.0286458333333,0.0,3.04833166483897,27.866294878542085,0
2,0.2886688012785054,84.0286458333333,0.0,3.63182775858897,27.866294878542085,0
2,0.2886688012785054,84.0286458333333,0.0,4.21532385233897,27.866294878542085,0
0,0,83.26334635416663,0.0,3.21532385233897,26.866294878542085,0
2,0.2886688012785054,83.26334635416663,0.0,3.8020751544223033,26.866294878542085,0
2,0.2886688012785054,83.26334635416663,0.0,4.390454060672303,26.866294878542085,0
2,0.2886688012785054,83.26334635416663,0.0,4.98046057108897,26.866294878542085,0
2,0.2886688012785054,83.26334635416663,0.0,5.570467081505637,26.866294878542085,0
2,0.28866880127850547,82.26334635416663,0.0,5.160473591922304,25.866294878542085,0
2,0.28866880127850547,82.26334635416663,0.0,5.751293904422304,25.866294878542085,0
0,0,82.5003255208333,0.0,5.751293904422304,25.866294878542085,0
2,0.28866880127850547,82.5003255208333,0.0,6.346183227338971,25.866294878542085,0
3,0.5941223408287194,82.5003255208333,0.0,6.346183227338971,26.581138628542085,0
2,0.28866880127850547,82.5003255208333,0.0,6.942700154422304,26.581138628542085,0
2,0.28866880127850547,82.5003255208333,0.0,7.540030883588971,26.581138628542085,0
2,0.2886688012785054,81.5003255208333,0.0,7.138989216922304,25.581138628542085,0
2,0.2886688012785054,81.5003255208333,0.0,7.739575154422304,25.581138628542085,0
2,0.2886688012785054,81.5003255208333,0.0,8.340161091922305,25.581138628542085,0
2,0.2886688012785054,80.5003255208333,0.0,7.941560831505638,24.581138628542085,0
2,0.2886688012785054,80.5003255208333,0.0,8.54296057108897,24.581138628542085,0
2,0.2886688012785054,80.5003255208333,0.0,9.144360310672305,24.581138628542085,0
1,0.6251751136849636,80.5003255208333,1.188506845719373,9.144360310672305,24.581138628542085,1
2,0.2886688012785054,80.5003255208333,1.188506845719373,9.74657385233897,24.581138628542085,0
2,0.2886688012785054,80.5003255208333,1.188506845719373,10.348787394005637,24.581138628542085,0
2,0.2886688012785054,79.5003255208333,0.18850684571937304,9.951000935672303,23.581138628542085,0
2,0.2886688012785054,79.5003255208333,0.18850684571937304,10.554842081505637,23.581138628542085,0
2,0.2886688012785054,79.5003255208333,0.18850684571937304,11.159497029422303,23.581138628542085,0
2,0.2886688012785054,79.5003255208333,0.18850684571937304,11.764151977338969,23.581138628542085,0
2,0.2886688012785054,79.5003255208333,0.18850684571937304,12.368806925255635,23.581138628542085,0
2,0.2886688012785054,78.5003255208333,0.0,11.973461873172301,22.581138628542085,0
2,0.2886688012785054,78.5003255208333,0.0,12.578116821088967,22.581138628542085,0
2,0.2886688012785054,78.5003255208333,0.0,13.185213175255633,22.581138628542085,0
2,0.2886688012785054,78.5003255208333,0.0,13.7923095294223,22.581138628542085,0
2,0.2886688012785054,78.5003255208333,0.0,14.4002196856723,22.581138628542085,0
2,0.2886688012785054,78.5003255208333,0.0,15.0105712481723,22.581138628542085,0
2,0.2886688012785054,78.5003255208333,0.0,15.622550414838965,22.581138628542085,0
2,0.2886688012785054,78.5003255208333,0.0,16.235343383588965,22.581138628542085,0
0,0,78.7454427083333,0.0,16.235343383588965,22.581138628542085,0
2,0.2886688012785054,77.7454427083333,0.0,15.849763956505631,21.581138628542085,0
2,0.2886688012785054,77.7454427083333,0.0,16.464998331505633,21.581138628542085,0
2,0.2886688012785054,76.7454427083333,0.0,16.080232706505633,20.581138628542085,0
2,0.2886688012785054,76.7454427083333,0.0,16.696280883588965,20.581138628542085,0
2,0.2886688012785054,76.7454427083333,0.0,17.312329060672297,20.581138628542085,0
2,0.2886688012785054,76.7454427083333,0.0,17.92837723775563,20.581138628542085,0
2,0.2886688012785054,76.7454427083333,0.0,18.545239216922297,20.581138628542085,0
2,0.2886688012785054,76.7454427083333,0.0,19.162101196088965,20.581138628542085,0
2,0.2886688012785054,75.7454427083333,0.0,18.779776977338965,19.581138628542085,0
2,0.2886688012785054,75.7454427083333,0.0,19.397452758588965,19.581138628542085,0
3,0.5859126414496563,75.7454427083333,0.0,19.397452758588965,20.324302691042085,0
2,0.2886688012785054,75.7454427083333,0.0,20.019197550255633,20.324302691042085,0
0,0,75.99414062499997,0.0,20.019197550255633,20.324302691042085,0
0,0,76.2444661458333,0.0,20.019197550255633,20.324302691042085,0
0,0,76.49576822916663,0.0,20.019197550255633,20.324302691042085,0
0,0,76.74707031249996,0.0,20.019197550255633,20.324302691042085,0
0,0,76.99837239583329,0.0,20.019197550255633,20.324302691042085,0
1,0.6140975145020348,76.99837239583329,1.2178858033059947,20.019197550255633,20.324302691042085,1
0,0,76.24999999999996,0.21788580330599472,19.019197550255633,19.324302691042085,0
0,0,76.50227864583329,0.21788580330599472,19.019197550255633,19.324302691042085,0
0,0,76.75520833333329,0.21788580330599472,19.019197550255633,19.324302691042085,0
0,0,77.00813802083329,0.21788580330599472,19.019197550255633,19.324302691042085,0
0,0,77.26106770833329,0.21788580330599472,19.019197550255633,19.324302691042085,0
0,0,77.51464843749996,0.21788580330599472,19.019197550255633,19.324302691042085,0
0,0,76.76822916666663,0.0,18.019197550255633,18.324302691042085,0
2,0.2886688012785054,76.76822916666663,0.0,18.6555907794223,18.324302691042085,0
0,0,77.02343749999996,0.0,18.6555907794223,18.324302691042085,0
0,0,76.27864583333329,0.0,17.6555907794223,17.324302691042085,0
0,0,76.53385416666661,0.0,17.6555907794223,17.324302691042085,0
0,0,76.78938802083329,0.0,17.6555907794223,17.324302691042085,0
0,0,77.04492187499996,0.0,17.6555907794223,17.324302691042085,0
0,0,77.30045572916663,0.0,17.6555907794223,17.324302691042085,0
0,0,77.5559895833333,0.0,17.6555907794223,17.324302691042085,0
0,0,77.8118489583333,0.0,17.6555907794223,17.324302691042085,0
0,0,77.06803385416663,0.0,16.6555907794223,16.324302691042085,0
0,0,77.32421874999996,0.0,16.6555907794223,16.324302691042085,0
2,0.2886688012785054,77.32421874999996,0.0,17.2976806231723,16.324302691042085,0
2,0.2886688012785054,77.32421874999996,0.0,17.9397704669223,16.324302691042085,0
0,0,77.58138020833329,0.0,17.9397704669223,16.324302691042085,0
2,0.2886688012785054,76.58138020833329,0.0,17.582674112755633,15.324302691042085,0
0,0,76.83854166666661,0.0,17.582674112755633,15.324302691042085,0
0,0,77.09570312499994,0.0,17.582674112755633,15.324302691042085,0
0,0,77.35351562499994,0.0,17.582674112755633,15.324302691042085,0
0,0,77.61165364583327,0.0,17.582674112755633,15.324302691042085,0
0,0,77.8697916666666,0.0,17.582674112755633,15.324302691042085,0
0,0,78.12825520833327,0.0,17.582674112755633,15.324302691042085,0
0,0,77.38671874999994,0.0,16.582674112755633,14.324302691042085,0
0,0,77.64550781249994,0.0,16.582674112755633,14.324302691042085,0
0,0,77.90429687499994,0.0,16.582674112755633,14.324302691042085,0
0,0,78.16308593749994,0.0,16.582674112755633,14.324302691042085,0
2,0.2886688012785054,77.16308593749994,0.0,16.230460571088965,13.324302691042085,0
2,0.2886688012785054,77.16308593749994,0.0,16.878247029422297,13.324302691042085,0
0,0,77.42220052083327,0.0,16.878247029422297,13.324302691042085,0
0,0,77.6813151041666,0.0,16.878247029422297,13.324302691042085,0
0,0,77.94042968749993,0.0,16.878247029422297,13.324302691042085,0
0,0,78.1998697916666,0.0,16.878247029422297,13.324302691042085,0
0,0,78.4596354166666,0.0,16.878247029422297,13.324302691042085,0
2,0.2886688012785054,78.4596354166666,0.0,17.527661091922297,13.324302691042085,0
0,0,78.7194010416666,0.0,17.527661091922297,13.324302691042085,0
0,0,78.97981770833327,0.0,17.527661091922297,13.324302691042085,0
0,0,79.24023437499994,0.0,17.527661091922297,13.324302691042085,0
2,0.2886688012785054,79.24023437499994,0.0,18.179516560672297,13.324302691042085,0
0,0,78.50130208333327,0.0,17.179516560672297,12.324302691042085,0
0,0,78.76269531249994,0.0,17.179516560672297,12.324302691042085,0
0,0,79.02539062499994,0.0,17.179516560672297,12.324302691042085,0
3,0.5765301278735842,79.02539062499994,0.0,17.179516560672297,13.112388628542085,0
2,0.2886688012785054,79.02539062499994,0.0,17.83706864400563,13.112388628542085,0
0,0,79.28873697916661,0.0,17.83706864400563,13.112388628542085,0
0,0,78.55208333333329,0.0,16.83706864400563,12.112388628542085,0
0,0,78.81608072916661,0.0,16.83706864400563,12.112388628542085,0
0,0,79.08007812499994,0.0,16.83706864400563,12.112388628542085,0
0,0,79.34440104166661,0.0,16.83706864400563,12.112388628542085,0
0,0,79.60872395833329,0.0,16.83706864400563,12.112388628542085,0
0,0,79.87304687499996,0.0,16.83706864400563,12.112388628542085,0
0,0,80.13769531249996,0.0,16.83706864400563,12.112388628542085,0
2,0.2886688012785054,80.13769531249996,0.0,17.49868973775563,12.112388628542085,0
0,0,80.40266927083329,0.0,17.49868973775563,12.112388628542085,0
0,0,79.66764322916661,0.0,16.49868973775563,11.112388628542085,0
0,0,79.93294270833329,0.0,16.49868973775563,11.112388628542085,0
0,0,80.19856770833329,0.0,16.49868973775563,11.112388628542085,0
0,0,80.46516927083329,0.0,16.49868973775563,11.112388628542085,0
0,0,79.73177083333329,0.0,15.49868973775563,10.112388628542085,0
0,0,79.99869791666661,0.0,15.49868973775563,10.112388628542085,0
0,0,80.26595052083329,0.0,15.49868973775563,10.112388628542085,0
0,0,80.53320312499996,0.0,15.49868973775563,10.112388628542085,0
0,0,80.80143229166663,0.0,15.49868973775563,10.112388628542085,0
0,0,81.07096354166663,0.0,15.49868973775563,10.112388628542085,0
0,0,81.34082031249996,0.0,15.49868973775563,10.112388628542085,0
0,0,80.61100260416663,0.0,14.49868973775563,9.112388628542085,0
0,0,80.88151041666663,0.0,14.49868973775563,9.112388628542085,0
2,0.2886688012785054,80.88151041666663,0.0,15.17495926900563,9.112388628542085,0
0,0,81.15332031249996,0.0,15.17495926900563,9.112388628542085,0
0,0,81.42513020833329,0.0,15.17495926900563,9.112388628542085,0
0,0,80.69726562499996,0.0,14.17495926900563,8.112388628542085,0
0,0,80.97005208333329,0.0,14.17495926900563,8.112388628542085,0
0,0,81.24316406249996,0.0,14.17495926900563,8.112388628542085,0
0,0,81.51627604166663,0.0,14.17495926900563,8.112388628542085,0
0,0,80.79003906249996,0.0,13.17495926900563,7.112388628542085,0
0,0,81.06412760416663,0.0,13.17495926900563,7.112388628542085,0
0,0,81.3382161458333,0.0,13.17495926900563,7.112388628542085,0
2,0.2886688012785054,81.3382161458333,0.0,13.861808227338964,7.112388628542085,0
0,0,81.61393229166663,0.0,13.861808227338964,7.112388628542085,0
3,0.5694932426915301,81.61393229166663,0.0,13.861808227338964,7.940513628542085,0
0,0,81.89062499999996,0.0,13.861808227338964,7.940513628542085,0
0,0,82.16861979166663,0.0,13.861808227338964,7.940513628542085,0
0,0,81.44694010416663,0.0,12.861808227338964,6.940513628542085,0
0,0,81.72526041666663,0.0,12.861808227338964,6.940513628542085,0
3,0.568320428494521,81.72526041666663,0.0,12.861808227338964,7.778404253542085,0
0,0,82.00553385416663,0.0,12.861808227338964,7.778404253542085,0
0,0,82.28580729166663,0.0,12.861808227338964,7.778404253542085,0
0,0,82.56640624999996,0.0,12.861808227338964,7.778404253542085,0
0,0,82.84733072916663,0.0,12.861808227338964,7.778404253542085,0
0,0,83.12858072916663,0.0,12.861808227338964,7.778404253542085,0
0,0,82.41015624999996,0.0,11.861808227338964,6.778404253542085,0
2,0.2886688012785054,82.41015624999996,0.0,12.565747029422297,6.778404253542085,0
0,0,81.69205729166663,0.0,11.565747029422297,5.778404253542085,0
2,0.2886688012785054,81.69205729166663,0.0,12.271313435672297,5.778404253542085,0
0,0,81.97558593749996,0.0,12.271313435672297,5.778404253542085,0
0,0,82.25976562499996,0.0,12.271313435672297,5.778404253542085,0
0,0,82.54427083333329,0.0,12.271313435672297,5.778404253542085,0
0,0,81.82942708333329,0.0,11.271313435672297,4.778404253542085,0
0,0,82.11490885416661,0.0,11.271313435672297,4.778404253542085,0
0,0,82.40071614583329,0.0,11.271313435672297,4.778404253542085,0
0,0,82.68815104166661,0.0,11.271313435672297,4.778404253542085,0
0,0,82.97623697916661,0.0,11.271313435672297,4.778404253542085,0
0,0,82.26432291666661,0.0,10.271313435672297,3.778404253542085,0
2,0.2886688012785054,82.26432291666661,0.0,10.996411091922297,3.778404253542085,0
0,0,82.55436197916661,0.0,10.996411091922297,3.778404253542085,0
2,0.2886688012785054,82.55436197916661,0.0,11.721508748172297,3.778404253542085,0
2,0.2886688012785054,82.55436197916661,0.0,12.447420206505631,3.778404253542085,0
0,0,82.84472656249994,0.0,12.447420206505631,3.778404253542085,0
0,0,83.13574218749994,0.0,12.447420206505631,3.778404253542085,0
0,0,83.42675781249994,0.0,12.447420206505631,3.778404253542085,0
0,0,82.71809895833327,0.0,11.447420206505631,2.778404253542085,0
0,0,83.00976562499994,0.0,11.447420206505631,2.778404253542085,0
0,0,83.30143229166661,0.0,11.447420206505631,2.778404253542085,0
0,0,83.59342447916661,0.0,11.447420206505631,2.778404253542085,0
0,0,83.88574218749994,0.0,11.447420206505631,2.778404253542085,0
0,0,84.17805989583327,0.0,11.447420206505631,2.778404253542085,0
0,0,84.47070312499994,0.0,11.447420206505631,2.778404253542085,0
0,0,83.76334635416661,0.0,10.447420206505631,1.7784042535420852,0
2,0.2886688012785054,83.76334635416661,0.0,11.179028279422297,1.7784042535420852,0
0,0,84.05664062499994,0.0,11.179028279422297,1.7784042535420852,0
1,0.5675715979337338,84.05664062499994,1.3278477881927562,11.179028279422297,1.7784042535420852,1
2,0.2886688012785054,84.05664062499994,1.3278477881927562,11.914705362755631,1.7784042535420852,0
2,0.2886688012785054,84.05664062499994,1.3278477881927562,12.651196248172297,1.7784042535420852,0
2,0.2886688012785054,84.05664062499994,1.3278477881927562,13.387687133588964,1.7784042535420852,0
2,0.2886688012785054,84.05664062499994,1.3278477881927562,14.124991821088964,1.7784042535420852,0
2,0.2886688012785054,83.05664062499994,0.3278477881927562,13.862296508588964,0.7784042535420852,0
0,0,83.35286458333327,0.3278477881927562,13.862296508588964,0.7784042535420852,0
2,0.2886688012785054,83.35286458333327,0.3278477881927562,14.60367020650563,0.7784042535420852,0
0,0,82.64973958333327,0.0,13.60367020650563,0.0,0
0,0,82.9469401041666,0.0,13.60367020650563,0.0,0
0,0,83.24414062499993,0.0,13.60367020650563,0.0,0
0,0,83.5416666666666,0.0,13.60367020650563,0.0,0
0,0,83.83984374999993,0.0,13.60367020650563,0.0,0
1,0.5631405582605623,83.83984374999993,1.3383126482663519,13.60367020650563,0.0,1
1,0.5631405582605623,83.83984374999993,2.233820460766352,13.60367020650563,0.0,0.7570097550399485
0,0,83.13899739583326,1.2338204607663519,12.60367020650563,0.0,0
2,0.2886688012785054,83.13899739583326,1.2338204607663519,13.352368123172296,0.0,0
2,0.2886688012785054,83.13899739583326,1.2338204607663519,14.101066039838962,0.0,0
0,0,83.43912760416659,1.2338204607663519,14.101066039838962,0.0,0
2,0.2886688012785054,83.43912760416659,1.2338204607663519,14.851391560672296,0.0,0
0,0,82.73958333333326,0.23382046076635188,13.851391560672296,0.0,0
2,0.2886688012785054,82.73958333333326,0.23382046076635188,14.603344685672296,0.0,0
0,0,83.04036458333326,0.23382046076635188,14.603344685672296,0.0,0
0,0,83.34147135416659,0.23382046076635188,14.603344685672296,0.0,0
2,0.2886688012785054,83.34147135416659,0.23382046076635188,15.356925414838962,0.0,0
0,0,83.64322916666659,0.23382046076635188,15.356925414838962,0.0,0
0,0,83.94531249999991,0.23382046076635188,15.356925414838962,0.0,0
0,0,84.24772135416659,0.23382046076635188,15.356925414838962,0.0,0
0,0,84.55045572916659,0.23382046076635188,15.356925414838962,0.0,0
0,0,84.85351562499991,0.23382046076635188,15.356925414838962,0.0,0
0,0,85.15722656249991,0.23382046076635188,15.356925414838962,0.0,0
0,0,85.46093749999991,0.23382046076635188,15.356925414838962,0.0,0
0,0,85.76562499999991,0.23382046076635188,15.356925414838962,0.0,0
0,0,85.07063802083324,0.0,14.356925414838962,0.0,0
0,0,85.37630208333324,0.0,14.356925414838962,0.0,0
0,0,85.68229166666657,0.0,14.356925414838962,0.0,0
0,0,85.9882812499999,0.0,14.356925414838962,0.0,0
0,0,86.29427083333323,0.0,14.356925414838962,0.0,0
0,0,85.6005859374999,0.0,13.356925414838962,0.0,0
0,0,85.90690104166657,0.0,13.356925414838962,0.0,0
0,0,86.21321614583324,0.0,13.356925414838962,0.0,0
0,0,86.52018229166657,0.0,13.356925414838962,0.0,0
0,0,86.82877604166657,0.0,13.356925414838962,0.0,0
0,0,87.13802083333324,0.0,13.356925414838962,0.0,0
0,0,87.44759114583324,0.0,13.356925414838962,0.0,0
0,0,87.75716145833324,0.0,13.356925414838962,0.0,0
0,0,88.06705729166657,0.0,13.356925414838962,0.0,0
0,0,87.37727864583324,0.0,12.356925414838962,0.0,0
3,0.5530738439334039,87.37727864583324,0.0,12.356925414838962,1.3690142053086798,1
0,0,86.68782552083324,0.0,11.356925414838962,0.3690142053086798,0
0,0,86.99869791666657,0.0,11.356925414838962,0.3690142053086798,0
1,0.5498474392410477,86.99869791666657,1.370349631010929,11.356925414838962,0.3690142053086798,1
2,0.2886688012785054,86.99869791666657,1.370349631010929,12.137361612755628,0.3690142053086798,0
2,0.2886688012785054,86.99869791666657,1.370349631010929,12.918611612755628,0.3690142053086798,0
2,0.2886688012785054,86.99869791666657,1.370349631010929,13.699861612755628,0.3690142053086798,0
3,0.5519010297363948,86.99869791666657,1.370349631010929,13.699861612755628,1.3807529020245044,1
2,0.2886688012785054,85.99869791666657,0.3703496310109291,13.485180623172294,0.3807529020245044,0
0,0,86.31315104166657,0.3703496310109291,13.485180623172294,0.3807529020245044,0
0,0,86.6279296874999,0.3703496310109291,13.485180623172294,0.3807529020245044,0
0,0,86.94270833333323,0.3703496310109291,13.485180623172294,0.3807529020245044,0
0,0,87.25846354166656,0.3703496310109291,13.485180623172294,0.3807529020245044,0
0,0,87.57486979166656,0.3703496310109291,13.485180623172294,0.3807529020245044,0
0,0,87.89127604166656,0.3703496310109291,13.485180623172294,0.3807529020245044,0
1,0.547631919404462,87.89127604166656,1.38752021205821,13.485180623172294,0.3807529020245044,1
2,0.2886688012785054,87.89127604166656,1.38752021205821,14.27782385233896,0.3807529020245044,0
1,0.547631919404462,87.89127604166656,2.33966864955821,14.27782385233896,0.3807529020245044,0.7738196487334519
2,0.2886688012785054,86.89127604166656,1.33966864955821,14.072094685672294,0.0,0
0,0,87.20930989583323,1.33966864955821,14.072094685672294,0.0,0
0,0,87.52766927083323,1.33966864955821,14.072094685672294,0.0,0
0,0,87.84602864583323,1.33966864955821,14.072094685672294,0.0,0
3,0.5495554013423768,87.84602864583323,1.33966864955821,14.072094685672294,1.3977269010302462,1
0,0,88.1650390624999,1.33966864955821,14.072094685672294,1.3977269010302462,0
3,0.5495554013423768,88.1650390624999,1.33966864955821,14.072094685672294,2.3557347135302464,0.7720971098251668
3,0.5495554013423768,88.1650390624999,1.33966864955821,14.072094685672294,3.3147190885302464,0.2860460147334946
3,0.5495554013423768,88.1650390624999,1.33966864955821,14.072094685672294,4.275656588530246,0
3,0.5483825871453678,87.1650390624999,0.33966864955820997,13.072094685672294,4.236594088530246,0
3,0.5483825871453678,87.1650390624999,0.33966864955820997,13.072094685672294,5.197531588530246,0
1,0.5432008797312905,87.1650390624999,1.3956222627407469,13.072094685672294,5.197531588530246,1
3,0.5483825871453678,87.1650390624999,1.3956222627407469,13.072094685672294,6.160422213530246,0
1,0.5432008797312905,87.1650390624999,2.362419137740747,13.072094685672294,6.160422213530246,0.7802803608770432
2,0.2886688012785054,87.1650390624999,2.362419137740747,13.878572550255628,6.160422213530246,0
1,0.5432008797312905,87.1650390624999,3.330192575240747,13.878572550255628,6.160422213530246,0.29275096900932834
2,0.2886688012785054,87.1650390624999,3.330192575240747,14.685864216922294,6.160422213530246,0
3,0.5472097729483587,86.1650390624999,2.330192575240747,13.685864216922294,6.129172213530246,0
1,0.5409853598947048,86.1650390624999,3.299919137740747,13.685864216922294,6.129172213530246,0.31202179240002686
2,0.2886688012785054,86.1650390624999,3.299919137740747,14.494783487755628,6.129172213530246,0
1,0.5409853598947048,86.1650390624999,4.271598825240747,14.494783487755628,6.129172213530246,0
2,0.2886688012785054,86.1650390624999,4.271598825240747,15.305330362755628,6.129172213530246,0
1,0.5409853598947048,86.1650390624999,5.244255075240747,15.305330362755628,6.129172213530246,0
1,0.5409853598947048,86.1650390624999,6.217887887740747,15.305330362755628,6.129172213530246,0
2,0.2886688012785054,86.1650390624999,6.217887887740747,16.119946248172294,6.129172213530246,0
1,0.5409853598947048,86.1650390624999,7.195426950240747,16.119946248172294,6.129172213530246,0
1,0.5409853598947048,86.1650390624999,8.175895700240748,16.119946248172294,6.129172213530246,0
2,0.2886688012785054,86.1650390624999,8.175895700240748,16.937003539838962,6.129172213530246,0
0,0,86.49186197916657,8.175895700240748,16.937003539838962,6.129172213530246,0
0,0,86.81901041666657,8.175895700240748,16.937003539838962,6.129172213530246,0
1,0.5387698400581189,85.81901041666657,8.158317575240748,15.937003539838962,5.129172213530246,0
0,0,86.1464843749999,8.158317575240748,15.937003539838962,5.129172213530246,0
0,0,86.47428385416657,8.158317575240748,15.937003539838962,5.129172213530246,0
0,0,86.80208333333324,8.158317575240748,15.937003539838962,5.129172213530246,0
0,0,87.13020833333324,8.158317575240748,15.937003539838962,5.129172213530246,0
0,0,87.45930989583324,8.158317575240748,15.937003539838962,5.129172213530246,0
2,0.2886688012785054,87.45930989583324,8.158317575240748,16.760571248172294,5.129172213530246,0
1,0.5387698400581189,87.45930989583324,9.147575387740748,16.760571248172294,5.129172213530246,0
2,0.2886688012785054,87.45930989583324,9.147575387740748,17.584952758588962,5.129172213530246,0
0,0,87.78906249999991,9.147575387740748,17.584952758588962,5.129172213530246,0
0,0,87.11914062499991,8.147575387740748,16.584952758588962,4.129172213530246,0
0,0,87.44954427083324,8.147575387740748,16.584952758588962,4.129172213530246,0
0,0,87.78027343749991,8.147575387740748,16.584952758588962,4.129172213530246,0
0,0,88.11132812499991,8.147575387740748,16.584952758588962,4.129172213530246,0
3,0.5448641445543407,88.11132812499991,8.147575387740748,16.584952758588962,5.123312838530246,0
0,0,88.44433593749991,8.147575387740748,16.584952758588962,5.123312838530246,0
0,0,88.77766927083324,8.147575387740748,16.584952758588962,5.123312838530246,0
0,0,89.11132812499991,8.147575387740748,16.584952758588962,5.123312838530246,0
0,0,88.44498697916659,7.147575387740748,15.584952758588962,4.123312838530246,0
3,0.5436913303573317,88.44498697916659,7.147575387740748,15.584952758588962,5.125265963530246,0
3,0.5436913303573317,88.44498697916659,7.147575387740748,15.584952758588962,6.128195651030246,0
1,0.5343388003849474,88.44498697916659,8.150505075240748,15.584952758588962,6.128195651030246,0
1,0.5343388003849474,88.44498697916659,9.155387887740748,15.584952758588962,6.128195651030246,0
2,0.2886688012785054,88.44498697916659,9.155387887740748,16.42398270650563,6.128195651030246,0
0,0,88.78059895833326,9.155387887740748,16.42398270650563,6.128195651030246,0
2,0.2886688012785054,88.78059895833326,9.155387887740748,17.263012654422297,6.128195651030246,0
0,0,89.11653645833326,9.155387887740748,17.263012654422297,6.128195651030246,0
0,0,88.45247395833326,8.155387887740748,16.263012654422297,5.128195651030246,0
0,0,88.78873697916659,8.155387887740748,16.263012654422297,5.128195651030246,0
0,0,89.12499999999991,8.155387887740748,16.263012654422297,5.128195651030246,0
0,0,89.46158854166659,8.155387887740748,16.263012654422297,5.128195651030246,0
2,0.2886688012785054,89.46158854166659,8.155387887740748,17.106925414838965,5.128195651030246,0
2,0.2886688012785054,89.46158854166659,8.155387887740748,17.950838175255633,5.128195651030246,0
2,0.2886688012785054,89.46158854166659,8.155387887740748,18.795564737755633,5.128195651030246,0
2,0.2886688012785054,88.46158854166659,7.155387887740748,18.640291300255633,4.128195651030246,0
0,0,88.79980468749991,7.155387887740748,18.640291300255633,4.128195651030246,0
0,0,89.13932291666659,7.155387887740748,18.640291300255633,4.128195651030246,0
0,0,89.47981770833326,7.155387887740748,18.640291300255633,4.128195651030246,0
0,0,89.82031249999993,7.155387887740748,18.640291300255633,4.128195651030246,0
0,0,90.16113281249993,7.155387887740748,18.640291300255633,4.128195651030246,0
2,0.2886688012785054,89.16113281249993,6.155387887740748,18.493155883588965,3.1281956510302464,0
0,0,89.50227864583326,6.155387887740748,18.493155883588965,3.1281956510302464,0
0,0,89.84342447916659,6.155387887740748,18.493155883588965,3.1281956510302464,0
0,0,90.18457031249991,6.155387887740748,18.493155883588965,3.1281956510302464,0
0,0,90.52636718749991,6.155387887740748,18.493155883588965,3.1281956510302464,0
0,0,89.86914062499991,5.155387887740748,17.493155883588965,2.1281956510302464,0
0,0,90.21256510416659,5.155387887740748,17.493155883588965,2.1281956510302464,0
0,0,90.55664062499991,5.155387887740748,17.493155883588965,2.1281956510302464,0
1,0.5254767210386043,90.55664062499991,6.189567575240748,17.493155883588965,2.1281956510302464,0
3,0.5390000735692957,90.55664062499991,6.189567575240748,17.493155883588965,3.1623753385302464,0.47779239646231836
1,0.5254767210386043,90.55664062499991,7.224723825240748,17.493155883588965,3.1623753385302464,0
2,0.2886688012785054,90.55664062499991,7.224723825240748,18.356599894005633,3.1623753385302464,0
1,0.5254767210386043,90.55664062499991,8.261833200240748,18.356599894005633,3.1623753385302464,0
0,0,90.90266927083324,8.261833200240748,18.356599894005633,3.1623753385302464,0
0,0,90.24934895833324,7.261833200240748,17.356599894005633,2.1623753385302464,0
0,0,90.59635416666657,7.261833200240748,17.356599894005633,2.1623753385302464,0
0,0,90.94368489583324,7.261833200240748,17.356599894005633,2.1623753385302464,0
0,0,91.29134114583324,7.261833200240748,17.356599894005633,2.1623753385302464,0
0,0,91.63899739583324,7.261833200240748,17.356599894005633,2.1623753385302464,0
0,0,91.98665364583324,7.261833200240748,17.356599894005633,2.1623753385302464,0
0,0,92.33496093749991,7.261833200240748,17.356599894005633,2.1623753385302464,0
0,0,92.68391927083324,7.261833200240748,17.356599894005633,2.1623753385302464,0
0,0,92.03352864583324,6.261833200240748,16.356599894005633,1.1623753385302464,0
0,0,92.38313802083324,6.261833200240748,16.356599894005633,1.1623753385302464,0
1,0.5210456813654328,92.38313802083324,7.311637887740748,16.356599894005633,1.1623753385302464,0
0,0,92.73307291666657,7.311637887740748,16.356599894005633,1.1623753385302464,0
0,0,93.08333333333324,7.311637887740748,16.356599894005633,1.1623753385302464,0
2,0.2886688012785054,93.08333333333324,7.311637887740748,17.2322509356723,1.1623753385302464,0
0,0,92.43424479166657,6.311637887740748,16.2322509356723,0.16237533853024644,0
2,0.2886688012785054,92.43424479166657,6.311637887740748,17.109529581505633,0.16237533853024644,0
0,0,92.78580729166657,6.311637887740748,17.109529581505633,0.16237533853024644,0
2,0.2886688012785054,91.78580729166657,5.311637887740748,16.988435831505633,0.0,0
0,0,92.13802083333324,5.311637887740748,16.988435831505633,0.0,0
2,0.2886688012785054,92.13802083333324,5.311637887740748,17.869783487755633,0.0,0
0,0,92.49088541666657,5.311637887740748,17.869783487755633,0.0,0
2,0.2886688012785054,92.49088541666657,5.311637887740748,18.753572550255633,0.0,0
0,0,92.84440104166657,5.311637887740748,18.753572550255633,0.0,0
0,0,92.19791666666657,4.311637887740748,17.753572550255633,0.0,0
0,0,92.55143229166657,4.311637887740748,17.753572550255633,0.0,0
1,0.5143991218556756,92.55143229166657,5.373161325240748,17.753572550255633,0.0,0
0,0,92.90559895833324,5.373161325240748,17.753572550255633,0.0,0
0,0,93.26009114583324,5.373161325240748,17.753572550255633,0.0,0
0,0,93.61523437499991,5.373161325240748,17.753572550255633,0.0,0
1,0.5143991218556756,93.61523437499991,6.439567575240748,17.753572550255633,0.0,0
1,0.5143991218556756,93.61523437499991,7.505973825240748,17.753572550255633,0.0,0
0,0,93.97070312499991,7.505973825240748,17.753572550255633,0.0,0
0,0,93.32617187499991,6.505973825240748,16.753572550255633,0.0,0
0,0,93.68229166666659,6.505973825240748,16.753572550255633,0.0,0
0,0,94.03841145833326,6.505973825240748,16.753572550255633,0.0,0
3,0.5319631883872414,94.03841145833326,6.505973825240748,16.753572550255633,1.5169112852177968,1
0,0,94.39453124999993,6.505973825240748,16.753572550255633,1.5169112852177968,0
0,0,94.75097656249993,6.505973825240748,16.753572550255633,1.5169112852177968,0
1,0.5121836020190899,94.75097656249993,7.575309762740748,16.753572550255633,1.5169112852177968,0
2,0.2886688012785054,94.75097656249993,7.575309762740748,17.6463134356723,1.5169112852177968,0
0,0,95.10839843749993,7.575309762740748,17.6463134356723,1.5169112852177968,0
2,0.2886688012785054,95.10839843749993,7.575309762740748,18.540681925255633,1.5169112852177968,0
0,0,95.46614583333326,7.575309762740748,18.540681925255633,1.5169112852177968,0
0,0,94.82454427083326,6.575309762740748,17.540681925255633,0.5169112852177968,0
0,0,95.18326822916659,6.575309762740748,17.540681925255633,0.5169112852177968,0
0,0,95.54231770833326,6.575309762740748,17.540681925255633,0.5169112852177968,0
0,0,95.90136718749993,6.575309762740748,17.540681925255633,0.5169112852177968,0
0,0,96.26074218749993,6.575309762740748,17.540681925255633,0.5169112852177968,0
0,0,95.62239583333326,5.575309762740748,16.540681925255633,0.0,0
0,0,95.98404947916659,5.575309762740748,16.540681925255633,0.0,0
0,0,96.34570312499991,5.575309762740748,16.540681925255633,0.0,0
2,0.2886688012785054,96.34570312499991,5.575309762740748,17.4456298419223,0.0,0
0,0,96.70768229166659,5.575309762740748,17.4456298419223,0.0,0
1,0.5055370425093325,95.70768229166659,5.661247262740748,16.4456298419223,0.0,0
3,0.5284447457962146,95.70768229166659,5.661247262740748,16.4456298419223,1.5367892284994307,1
1,0.5055370425093325,95.70768229166659,6.749137887740748,16.4456298419223,1.5367892284994307,0
2,0.2886688012785054,95.70768229166659,6.749137887740748,17.35301916483897,1.5367892284994307,0
1,0.5055370425093325,95.70768229166659,7.838981637740748,17.35301916483897,1.5367892284994307,0
2,0.2886688012785054,95.70768229166659,7.838981637740748,18.26122228983897,1.5367892284994307,0
2,0.2886688012785054,95.70768229166659,7.838981637740748,19.171053019005637,1.5367892284994307,0
2,0.2886688012785054,95.70768229166659,7.838981637740748,20.080883748172305,1.5367892284994307,0
0,0,95.07161458333326,6.838981637740748,19.080883748172305,0.5367892284994307,0
0,0,95.43652343749993,6.838981637740748,19.080883748172305,0.5367892284994307,0
0,0,95.8024088541666,6.838981637740748,19.080883748172305,0.5367892284994307,0
0,0,96.1686197916666,6.838981637740748,19.080883748172305,0.5367892284994307,0
0,0,96.5348307291666,6.838981637740748,19.080883748172305,0.5367892284994307,0
0,0,96.9010416666666,6.838981637740748,19.080883748172305,0.5367892284994307,0
1,0.5033215226727468,96.9010416666666,7.937614450240748,19.080883748172305,0.5367892284994307,0
0,0,97.26757812499993,7.937614450240748,19.080883748172305,0.5367892284994307,0
0,0,97.63509114583326,7.937614450240748,19.080883748172305,0.5367892284994307,0
0,0,97.00292968749993,6.937614450240748,18.080883748172305,0.0,0
0,0,97.37109374999993,6.937614450240748,18.080883748172305,0.0,0
0,0,97.73925781249993,6.937614450240748,18.080883748172305,0.0,0
1,0.5011060028361609,97.73925781249993,8.043083200240748,18.080883748172305,0.0,0
2,0.2886688012785054,97.73925781249993,8.043083200240748,19.002107706505637,0.0,0
0,0,98.1080729166666,8.043083200240748,19.002107706505637,0.0,0
0,0,98.47786458333327,8.043083200240748,19.002107706505637,0.0,0
0,0,98.84798177083327,8.043083200240748,19.002107706505637,0.0,0
0,0,99.21874999999994,8.043083200240748,19.002107706505637,0.0,0
0,0,98.58951822916661,7.043083200240748,18.002107706505637,0.0,0
0,0,98.96028645833329,7.043083200240748,18.002107706505637,0.0,0
0,0,99.33105468749996,7.043083200240748,18.002107706505637,0.0,0
0,0,99.70214843749996,7.043083200240748,18.002107706505637,0.0,0
0,0,100.07324218749996,7.043083200240748,18.002107706505637,0.0,0
2,0.2886688012785054,100.07324218749996,7.043083200240748,18.93065588358897,0.0,0
2,0.2886688012785054,100.07324218749996,7.043083200240748,19.860017862755637,0.0,0
0,0,100.44498697916663,7.043083200240748,19.860017862755637,0.0,0
0,0,99.81835937499996,6.043083200240748,18.860017862755637,0.0,0
0,0,100.19205729166663,6.043083200240748,18.860017862755637,0.0,0
0,0,100.56705729166663,6.043083200240748,18.860017862755637,0.0,0
0,0,100.94205729166663,6.043083200240748,18.860017862755637,0.0,0
0,0,101.31738281249996,6.043083200240748,18.860017862755637,0.0,0
0,0,101.69303385416663,6.043083200240748,18.860017862755637,0.0,0
0,0,102.06901041666663,6.043083200240748,18.860017862755637,0.0,0
2,0.28866880127850536,101.06901041666663,5.043083200240748,18.799959269005637,0.0,0
2,0.28866880127850536,101.06901041666663,5.043083200240748,19.741528279422305,0.0,0
2,0.28866880127850536,101.06901041666663,5.043083200240748,20.683097289838972,0.0,0
0,0,101.44596354166663,5.043083200240748,20.683097289838972,0.0,0
0,0,101.82324218749996,5.043083200240748,20.683097289838972,0.0,0
0,0,102.20117187499996,5.043083200240748,20.683097289838972,0.0,0
0,0,102.58072916666663,5.043083200240748,20.683097289838972,0.0,0
0,0,102.9632161458333,5.043083200240748,20.683097289838972,0.0,0
0,0,103.34570312499997,5.043083200240748,20.683097289838972,0.0,0
0,0,103.72851562499997,5.043083200240748,20.683097289838972,0.0,0
3,0.5214078606141604,102.72851562499997,4.043083200240748,19.683097289838972,1.6057837300316573,1
3,0.5214078606141604,102.72851562499997,4.043083200240748,19.683097289838972,2.755197792531657,0.7861608846096197
3,0.5214078606141604,102.72851562499997,4.043083200240748,19.683097289838972,3.905588417531657,0.29008303319443485
3,0.5214078606141604,102.72851562499997,4.043083200240748,19.683097289838972,5.056955605031657,0
3,0.5214078606141604,102.72851562499997,4.043083200240748,19.683097289838972,6.210275917531657,0
3,0.5214078606141604,102.72851562499997,4.043083200240748,19.683097289838972,7.364572792531657,0
1,0.4900284036532322,101.72851562499997,4.198356637740748,18.683097289838972,6.364572792531657,0.1722849373423369
1,0.4900284036532322,101.72851562499997,5.353630075240748,18.683097289838972,6.364572792531657,0
1,0.4900284036532322,101.72851562499997,6.508903512740748,18.683097289838972,6.364572792531657,0
2,0.28866880127850536,101.72851562499997,6.508903512740748,19.64663895650564,6.364572792531657,0
1,0.4900284036532322,101.72851562499997,7.667106637740748,19.64663895650564,6.364572792531657,0
1,0.4878128838166464,100.72851562499997,7.825309762740748,18.64663895650564,5.364572792531657,0
2,0.2886688012785054,100.72851562499997,7.825309762740748,19.611808227338972,5.364572792531657,0
2,0.2886688012785054,100.72851562499997,7.825309762740748,20.57779130025564,5.364572792531657,0
2,0.2886688012785054,100.72851562499997,7.825309762740748,21.54458817525564,5.364572792531657,0
1,0.48559736398006065,99.72851562499997,7.986442575240748,20.54458817525564,4.364572792531657,0
2,0.2886688012785054,99.72851562499997,7.986442575240748,21.515454060672308,4.364572792531657,0
0,0,100.11718749999997,7.986442575240748,21.515454060672308,4.364572792531657,0
2,0.2886688012785054,100.11718749999997,7.986442575240748,22.48794755025564,4.364572792531657,0
0,0,100.5061848958333,7.986442575240748,22.48794755025564,4.364572792531657,0
0,0,100.8958333333333,7.986442575240748,22.48794755025564,4.364572792531657,0
0,0,100.28580729166663,6.986442575240748,21.48794755025564,3.364572792531657,0
3,0.5167166038261244,100.28580729166663,6.986442575240748,21.48794755025564,4.534494667531657,0.0470219482970988
1,0.48338184414347485,100.28580729166663,8.157341012740748,21.48794755025564,4.534494667531657,0
0,0,100.6761067708333,8.157341012740748,21.48794755025564,4.534494667531657,0
0,0,100.0667317708333,7.157341012740748,20.48794755025564,3.534494667531657,0
0,0,100.4573567708333,7.157341012740748,20.48794755025564,3.534494667531657,0
0,0,100.8479817708333,7.157341012740748,20.48794755025564,3.534494667531657,0
0,0,101.2386067708333,7.157341012740748,20.48794755025564,3.534494667531657,0
1,0.48116632430688916,101.2386067708333,8.331169137740748,20.48794755025564,3.534494667531657,0
0,0,101.6302083333333,8.331169137740748,20.48794755025564,3.534494667531657,0
3,0.5143709754321063,100.6302083333333,7.331169137740748,19.48794755025564,3.710275917531657,0.4071642131895846
1,0.4789508044703034,100.6302083333333,8.506950387740748,19.48794755025564,3.710275917531657,0
2,0.28866880127850536,100.6302083333333,8.506950387740748,20.467765258588972,3.710275917531657,0
2,0.28866880127850536,100.6302083333333,8.506950387740748,21.44839676900564,3.710275917531657,0
0,0,101.02311197916663,8.506950387740748,21.44839676900564,3.710275917531657,0
0,0,100.41666666666663,7.506950387740748,20.44839676900564,2.710275917531657,0
0,0,100.81022135416663,7.506950387740748,20.44839676900564,2.710275917531657,0
0,0,101.20377604166663,7.506950387740748,20.44839676900564,2.710275917531657,0
1,0.4767352846337176,101.20377604166663,8.687614450240748,20.44839676900564,2.710275917531657,0
0,0,101.59765624999996,8.687614450240748,20.44839676900564,2.710275917531657,0
0,0,101.99218749999996,8.687614450240748,20.44839676900564,2.710275917531657,0
0,0,102.38704427083329,8.687614450240748,20.44839676900564,2.710275917531657,0
1,0.4767352846337176,102.38704427083329,9.873161325240748,20.44839676900564,2.710275917531657,0
2,0.2886688012785054,102.38704427083329,9.873161325240748,21.43716630025564,2.710275917531657,0
0,0,101.78320312499996,8.873161325240748,20.43716630025564,1.710275917531657,0
0,0,102.17968749999996,8.873161325240748,20.43716630025564,1.710275917531657,0
0,0,102.57617187499996,8.873161325240748,20.43716630025564,1.710275917531657,0
0,0,102.97330729166663,8.873161325240748,20.43716630025564,1.710275917531657,0
0,0,103.37076822916663,8.873161325240748,20.43716630025564,1.710275917531657,0
0,0,103.76822916666663,8.873161325240748,20.43716630025564,1.710275917531657,0
2,0.2886688012785054,103.76822916666663,8.873161325240748,21.43326005025564,1.710275917531657,0
2,0.2886688012785054,103.76822916666663,8.873161325240748,22.430167602338972,1.710275917531657,0
2,0.2886688012785054,102.76822916666663,7.873161325240748,22.42788895650564,0.7102759175316571,0
2,0.2886688012785054,102.76822916666663,7.873161325240748,23.428051716922308,0.7102759175316571,0
0,0,103.1682942708333,7.873161325240748,23.428051716922308,0.7102759175316571,0
0,0,103.5686848958333,7.873161325240748,23.428051716922308,0.7102759175316571,0
2,0.2886688012785054,103.5686848958333,7.873161325240748,24.42984208150564,0.7102759175316571,0
0,0,103.96940104166663,7.873161325240748,24.42984208150564,0.7102759175316571,0
0,0,103.37174479166663,6.873161325240748,23.42984208150564,0.0,0
0,0,103.77441406249996,6.873161325240748,23.42984208150564,0.0,0
0,0,104.17708333333329,6.873161325240748,23.42984208150564,0.0,0
0,0,104.58007812499996,6.873161325240748,23.42984208150564,0.0,0
0,0,104.98437499999996,6.873161325240748,23.42984208150564,0.0,0
0,0,105.38867187499996,6.873161325240748,23.42984208150564,0.0,0
1,0.4700887251239603,105.38867187499996,8.088005075240748,23.42984208150564,0.0,0
0,0,105.79361979166663,8.088005075240748,23.42984208150564,0.0,0
0,0,105.19889322916663,7.088005075240748,22.42984208150564,0.0,0
0,0,105.60449218749996,7.088005075240748,22.42984208150564,0.0,0
0,0,106.01041666666663,7.088005075240748,22.42984208150564,0.0,0
0,0,106.4163411458333,7.088005075240748,22.42984208150564,0.0,0
0,0,106.82226562499997,7.088005075240748,22.42984208150564,0.0,0
0,0,107.22851562499997,7.088005075240748,22.42984208150564,0.0,0
0,0,106.63476562499997,6.088005075240748,21.42984208150564,0.0,0
0,0,107.0413411458333,6.088005075240748,21.42984208150564,0.0,0
0,0,107.44791666666663,6.088005075240748,21.42984208150564,0.0,0
0,0,107.85514322916663,6.088005075240748,21.42984208150564,0.0,0
0,0,108.26236979166663,6.088005075240748,21.42984208150564,0.0,0
0,0,107.66992187499996,5.088005075240748,20.42984208150564,0.0,0
0,0,108.07747395833329,5.088005075240748,20.42984208150564,0.0,0
2,0.2886688012785054,108.07747395833329,5.088005075240748,21.448722289838972,0.0,0
0,0,108.48535156249996,5.088005075240748,21.448722289838972,0.0,0
0,0,108.89420572916663,5.088005075240748,21.448722289838972,0.0,0
0,0,109.3030598958333,5.088005075240748,21.448722289838972,0.0,0
0,0,109.71191406249997,5.088005075240748,21.448722289838972,0.0,0
2,0.2886688012785054,109.71191406249997,5.088005075240748,22.471671508588972,0.0,0
2,0.2886688012785054,109.71191406249997,5.088005075240748,23.495434529422305,0.0,0
0,0,110.1223958333333,5.088005075240748,23.495434529422305,0.0,0
1,0.4612266457776173,109.1223958333333,5.321403512740748,22.495434529422305,0.0,0
0,0,109.5335286458333,5.321403512740748,22.495434529422305,0.0,0
0,0,109.94498697916663,5.321403512740748,22.495434529422305,0.0,0
0,0,110.35709635416663,5.321403512740748,22.495434529422305,0.0,0
0,0,110.76920572916663,5.321403512740748,22.495434529422305,0.0,0
0,0,111.18164062499996,5.321403512740748,22.495434529422305,0.0,0
0,0,110.59440104166663,4.321403512740748,21.495434529422305,0.0,0
0,0,111.0071614583333,4.321403512740748,21.495434529422305,0.0,0
0,0,111.4202473958333,4.321403512740748,21.495434529422305,0.0,0
1,0.4590111259410316,111.4202473958333,5.560661325240748,21.495434529422305,0.0,0
0,0,111.83365885416663,5.560661325240748,21.495434529422305,0.0,0
0,0,112.24707031249996,5.560661325240748,21.495434529422305,0.0,0
0,0,112.66080729166663,5.560661325240748,21.495434529422305,0.0,0
0,0,113.07486979166663,5.560661325240748,21.495434529422305,0.0,0
0,0,112.4895833333333,4.560661325240748,20.495434529422305,0.0,0
0,0,112.9046223958333,4.560661325240748,20.495434529422305,0.0,0
1,0.45679560610444575,112.9046223958333,5.806755075240748,20.495434529422305,0.0,0
0,0,113.32031249999997,5.806755075240748,20.495434529422305,0.0,0
1,0.45679560610444575,113.32031249999997,7.053825387740748,20.495434529422305,0.0,0
2,0.2886688012785054,113.32031249999997,7.053825387740748,21.536287394005637,0.0,0
2,0.2886688012785054,113.32031249999997,7.053825387740748,22.577954060672305,0.0,0
1,0.45458008626786006,112.32031249999997,7.304801950240748,21.577954060672305,0.0,0
2,0.2886688012785054,112.32031249999997,7.304801950240748,22.620434529422305,0.0,0
0,0,112.7376302083333,7.304801950240748,22.620434529422305,0.0,0
0,0,113.15527343749997,7.304801950240748,22.620434529422305,0.0,0
0,0,113.57291666666664,7.304801950240748,22.620434529422305,0.0,0
0,0,113.99055989583331,7.304801950240748,22.620434529422305,0.0,0
0,0,114.40852864583331,7.304801950240748,22.620434529422305,0.0,0
2,0.2886688012785054,114.40852864583331,7.304801950240748,23.665356404422305,0.0,0
2,0.2886688012785054,114.40852864583331,7.304801950240748,24.711092081505637,0.0,0
0,0,113.82747395833331,6.304801950240748,23.711092081505637,0.0,0
0,0,114.24674479166664,6.304801950240748,23.711092081505637,0.0,0
0,0,113.66634114583331,5.304801950240748,22.711092081505637,0.0,0
3,0.4991243908709892,113.66634114583331,5.304801950240748,22.711092081505637,1.7148846382815621,1
0,0,114.08658854166664,5.304801950240748,22.711092081505637,1.7148846382815621,0
0,0,114.50683593749997,5.304801950240748,22.711092081505637,1.7148846382815621,0
0,0,114.9270833333333,5.304801950240748,22.711092081505637,1.7148846382815621,0
0,0,115.34765624999997,5.304801950240748,22.711092081505637,1.7148846382815621,0
1,0.4479335267581028,114.34765624999997,5.567497262740748,21.711092081505637,0.7148846382815621,0
0,0,114.7688802083333,5.567497262740748,21.711092081505637,0.7148846382815621,0
0,0,115.19108072916663,5.567497262740748,21.711092081505637,0.7148846382815621,0
0,0,115.61425781249996,5.567497262740748,21.711092081505637,0.7148846382815621,0
1,0.445718006921517,114.61425781249996,5.837028512740748,20.711092081505637,0.0,0
0,0,115.03743489583329,5.837028512740748,20.711092081505637,0.0,0
0,0,115.46093749999996,5.837028512740748,20.711092081505637,0.0,0
1,0.445718006921517,115.46093749999996,7.107536325240748,20.711092081505637,0.0,0
1,0.445718006921517,115.46093749999996,8.379020700240748,20.711092081505637,0.0,0
2,0.2886688012785054,114.46093749999996,7.379020700240748,20.770662394005637,0.0,0
2,0.2886688012785054,114.46093749999996,7.379020700240748,21.83104650858897,0.0,0
2,0.2886688012785054,114.46093749999996,7.379020700240748,22.892244425255637,0.0,0
0,0,114.88574218749996,7.379020700240748,22.892244425255637,0.0,0
0,0,115.31054687499996,7.379020700240748,22.892244425255637,0.0,0
0,0,115.73567708333329,7.379020700240748,22.892244425255637,0.0,0
0,0,116.16113281249996,7.379020700240748,22.892244425255637,0.0,0
0,0,115.58658854166663,6.379020700240748,21.892244425255637,0.0,0
0,0,116.0120442708333,6.379020700240748,21.892244425255637,0.0,0
0,0,116.43815104166663,6.379020700240748,21.892244425255637,0.0,0
0,0,116.86490885416663,6.379020700240748,21.892244425255637,0.0,0
1,0.6296061533581351,115.86490885416663,6.659294137740748,20.892244425255637,0.0,0
2,0.2886688012785054,115.86490885416663,6.659294137740748,21.959138956505637,0.0,0
1,0.6296061533581351,115.86490885416663,7.939567575240748,21.959138956505637,0.0,0
0,0,116.29199218749996,7.939567575240748,21.959138956505637,0.0,0
1,0.8022442228812969,115.29199218749996,8.220817575240748,20.959138956505637,0.0,0
0,0,115.72005208333329,8.220817575240748,20.959138956505637,0.0,0
2,0.2886688012785054,115.72005208333329,8.220817575240748,22.02928869608897,0.0,0
3,0.492087505688935,115.72005208333329,8.220817575240748,22.02928869608897,1.7355626509818964,1
0,0,115.14876302083329,7.220817575240748,21.02928869608897,0.7355626509818964,0
0,0,115.57779947916661,7.220817575240748,21.02928869608897,0.7355626509818964,0
0,0,116.00716145833329,7.220817575240748,21.02928869608897,0.7355626509818964,0
2,0.28866880127850536,116.00716145833329,7.220817575240748,22.1043212481723,0.7355626509818964,0
1,0.7968492832086981,114.00716145833329,6.511833200240748,20.1043212481723,0.0,0
2,0.28866880127850536,114.00716145833329,6.511833200240748,21.1809814044223,0.0,0
2,0.28866880127850536,114.00716145833329,6.511833200240748,22.2576415606723,0.0,0
0,0,114.43782552083329,6.511833200240748,22.2576415606723,0.0,0
0,0,114.86881510416661,6.511833200240748,22.2576415606723,0.0,0
0,0,114.30013020833329,5.511833200240748,21.2576415606723,0.0,0
3,0.48739624890089894,114.30013020833329,5.511833200240748,21.2576415606723,1.7422980815521316,1
3,0.48739624890089894,114.30013020833329,5.511833200240748,21.2576415606723,3.0362433940521316,0.8206992611418389
3,0.4850506205068809,112.30013020833329,3.5118332002407477,19.2576415606723,2.3301887065521316,1
3,0.4850506205068809,112.30013020833329,3.5118332002407477,19.2576415606723,3.6251105815521316,0.6039627272574305
3,0.4850506205068809,112.30013020833329,3.5118332002407477,19.2576415606723,4.921009019052132,0.11080384738096934
3,0.4850506205068809,112.30013020833329,3.5118332002407477,19.2576415606723,6.217884019052132,0
3,0.4850506205068809,112.30013020833329,3.5118332002407477,19.2576415606723,7.515735581552132,0
3,0.4838778063098719,111.30013020833329,2.5118332002407477,18.2576415606723,7.814563706552132,0
3,0.4838778063098719,111.30013020833329,2.5118332002407477,18.2576415606723,9.114368394052132,0
3,0.4838778063098719,111.30013020833329,2.5118332002407477,18.2576415606723,10.414173081552132,0
3,0.4838778063098719,111.30013020833329,2.5118332002407477,18.2576415606723,11.713977769052132,0
3,0.4838778063098719,111.30013020833329,2.5118332002407477,18.2576415606723,13.014759019052132,0
2,0.2886688012785054,111.30013020833329,2.5118332002407477,19.3416259356723,13.014759019052132,0
2,0.2886688012785054,111.30013020833329,2.5118332002407477,20.426424112755633,13.014759019052132,0
2,0.2886688012785054,111.30013020833329,2.5118332002407477,21.5120360919223,13.014759019052132,0
0,0,110.73535156249996,1.5118332002407477,20.5120360919223,12.014759019052132,0
2,0.2886688012785054,110.73535156249996,1.5118332002407477,21.6009032794223,12.014759019052132,0
0,0,110.17122395833329,0.5118332002407477,20.6009032794223,11.014759019052132,0
0,0,110.60774739583329,0.5118332002407477,20.6009032794223,11.014759019052132,0
0,0,111.04459635416661,0.5118332002407477,20.6009032794223,11.014759019052132,0
0,0,111.48177083333329,0.5118332002407477,20.6009032794223,11.014759019052132,0
0,0,111.91927083333329,0.5118332002407477,20.6009032794223,11.014759019052132,0
0,0,112.35709635416661,0.5118332002407477,20.6009032794223,11.014759019052132,0
0,0,112.79492187499994,0.5118332002407477,20.6009032794223,11.014759019052132,0
0,0,113.23274739583327,0.5118332002407477,20.6009032794223,11.014759019052132,0
1,0.7860594038635005,113.23274739583327,2.587963654497407,20.6009032794223,11.014759019052132,0.978816964278913
1,0.7842610906393008,112.23274739583327,2.903393341997407,19.6009032794223,10.014759019052132,0.8621724012823192
0,0,112.67220052083327,2.903393341997407,19.6009032794223,10.014759019052132,0
3,0.30492444209862535,112.67220052083327,2.903393341997407,19.6009032794223,11.334094956552132,0
3,0.30492444209862535,112.67220052083327,2.903393341997407,19.6009032794223,12.655384019052132,0
0,0,113.11263020833327,2.903393341997407,19.6009032794223,12.655384019052132,0
0,0,113.55403645833327,2.903393341997407,19.6009032794223,12.655384019052132,0
0,0,113.99707031249994,2.903393341997407,19.6009032794223,12.655384019052132,0
0,0,114.44108072916661,2.903393341997407,19.6009032794223,12.655384019052132,0
0,0,113.88574218749994,1.9033933419974072,18.6009032794223,11.655384019052132,0
1,0.7824627774151012,113.88574218749994,3.237377716997407,18.6009032794223,11.655384019052132,0.7502578415074034
2,0.2886688012785054,113.88574218749994,3.237377716997407,19.712556925255633,11.655384019052132,0
1,0.7806644641909017,112.88574218749994,3.572338654497407,18.712556925255633,10.655384019052132,0.6321439205821688
1,0.7788661509667021,111.88574218749994,3.908276154497407,17.712556925255633,9.655384019052132,0.5156199816838993
1,0.7788661509667021,111.88574218749994,5.245190216997408,17.712556925255633,9.655384019052132,0.02452716053256712
2,0.2886688012785054,111.88574218749994,5.245190216997408,18.826651977338965,9.655384019052132,0
1,0.7788661509667021,111.88574218749994,6.584057404497408,18.826651977338965,9.655384019052132,0
1,0.7770678377425024,110.88574218749994,6.923901154497408,17.826651977338965,8.655384019052132,0
2,0.2886688012785054,109.88574218749994,5.923901154497408,17.943188435672297,7.655384019052132,0
3,0.31911011371954545,109.88574218749994,5.923901154497408,17.943188435672297,8.996204331552132,0
3,0.31911011371954545,109.88574218749994,5.923901154497408,17.943188435672297,10.338001206552132,0
2,0.2886688012785054,109.88574218749994,5.923901154497408,19.06216630025563,10.338001206552132,0
2,0.2886688012785054,108.88574218749994,4.923901154497408,19.181144164838962,9.338001206552132,0
1,0.7734712112941032,108.88574218749994,6.266674591997408,19.181144164838962,9.338001206552132,0
2,0.2886688012785054,108.88574218749994,6.266674591997408,20.30093583150563,9.338001206552132,0
2,0.2886688012785054,108.88574218749994,6.266674591997408,21.422355102338962,9.338001206552132,0
1,0.7716728980699037,107.88574218749994,6.615307404497408,20.422355102338962,8.338001206552132,0
1,0.7716728980699037,107.88574218749994,7.965893341997408,20.422355102338962,8.338001206552132,0
2,0.2886688012785054,107.88574218749994,7.965893341997408,21.547843383588962,8.338001206552132,0
2,0.2886688012785054,106.88574218749994,6.965893341997408,21.674145466922294,7.338001206552132,0
2,0.2886688012785054,106.88574218749994,6.965893341997408,22.802075154422294,7.338001206552132,0
2,0.2886688012785054,106.88574218749994,6.965893341997408,23.930818644005626,7.338001206552132,0
2,0.2886688012785054,105.88574218749994,5.965893341997408,24.060375935672294,6.338001206552132,0
2,0.2886688012785054,105.88574218749994,5.965893341997408,25.190747029422294,6.338001206552132,0
1,0.7680762716215044,105.88574218749994,7.323315216997408,25.190747029422294,6.338001206552132,0
1,0.7662779583973048,104.88574218749994,7.685619904497408,24.190747029422294,5.338001206552132,0
1,0.7662779583973048,104.88574218749994,9.049877716997408,24.190747029422294,5.338001206552132,0
0,0,105.34049479166661,9.049877716997408,24.190747029422294,5.338001206552132,0
1,0.7644796451731052,104.34049479166661,9.415112091997408,23.190747029422294,4.338001206552132,0
0,0,104.79589843749994,9.415112091997408,23.190747029422294,4.338001206552132,0
0,0,105.25130208333327,9.415112091997408,23.190747029422294,4.338001206552132,0
0,0,105.7067057291666,9.415112091997408,23.190747029422294,4.338001206552132,0
0,0,106.16210937499993,9.415112091997408,23.190747029422294,4.338001206552132,0
0,0,106.61816406249993,9.415112091997408,23.190747029422294,4.338001206552132,0
2,0.2886688012785054,105.61816406249993,8.415112091997408,23.334138956505626,3.338001206552132,0
2,0.2886688012785054,104.61816406249993,7.415112091997408,23.47753088358896,2.338001206552132,0
0,0,105.07617187499993,7.415112091997408,23.47753088358896,2.338001206552132,0
0,0,104.5348307291666,6.415112091997408,22.47753088358896,1.338001206552132,0
0,0,104.9938151041666,6.415112091997408,22.47753088358896,1.338001206552132,0
0,0,105.45312499999993,6.415112091997408,22.47753088358896,1.338001206552132,0
0,0,105.91308593749993,6.415112091997408,22.47753088358896,1.338001206552132,0
0,0,105.37304687499993,5.415112091997408,21.47753088358896,0.33800120655213206,0
3,0.34748145696138577,105.37304687499993,5.415112091997408,21.47753088358896,1.722766831552132,1
0,0,105.8346354166666,5.415112091997408,21.47753088358896,1.722766831552132,0
3,0.35315572560975383,103.8346354166666,3.4151120919974076,19.47753088358896,1.6884509603251066,1
3,0.35315572560975383,103.8346354166666,3.4151120919974076,19.47753088358896,3.0732165853251066,0.9002729429696898
3,0.35315572560975383,103.8346354166666,3.4151120919974076,19.47753088358896,4.458958772825106,0.41426972119155075
3,0.35315572560975383,103.8346354166666,3.4151120919974076,19.47753088358896,5.844700960325106,0
3,0.35599285993393787,102.8346354166666,2.4151120919974076,18.47753088358896,6.234349397825106,0
3,0.35599285993393787,102.8346354166666,2.4151120919974076,18.47753088358896,7.623997835325106,0
3,0.35599285993393787,102.8346354166666,2.4151120919974076,18.47753088358896,9.018529085325106,0
2,0.2886688012785054,101.8346354166666,1.4151120919974076,18.64045406067229,8.018529085325106,0
3,0.35882999425812184,101.8346354166666,1.4151120919974076,18.64045406067229,9.414036897825106,0
0,0,101.29980468749993,0.4151120919974076,17.64045406067229,8.414036897825106,0
0,0,101.7652994791666,0.4151120919974076,17.64045406067229,8.414036897825106,0
0,0,101.23177083333327,0.0,16.64045406067229,7.414036897825106,0
3,0.3645042629064899,101.23177083333327,0.0,16.64045406067229,8.814427522825106,0
0,0,101.69856770833327,0.0,16.64045406067229,8.814427522825106,0
1,0.7464965129311093,101.69856770833327,2.5517810696930736,16.64045406067229,8.814427522825106,1
2,0.2886688012785054,101.69856770833327,2.5517810696930736,17.810701456505623,8.814427522825106,0
3,0.3645042629064899,101.69856770833327,2.5517810696930736,17.810701456505623,10.218724397825106,0
1,0.7446981997069095,100.69856770833327,2.9560779446930736,16.810701456505623,9.218724397825106,0.9291529962311276
1,0.7446981997069095,100.69856770833327,4.361351382193074,16.810701456505623,9.218724397825106,0.4396005091669824
1,0.74289988648271,99.69856770833327,4.766624819693074,15.810701456505623,8.218724397825106,0.30134175097574756
2,0.2886688012785054,99.69856770833327,4.766624819693074,16.982576456505623,8.218724397825106,0
3,0.370178531554858,99.69856770833327,4.766624819693074,16.982576456505623,9.626927522825106,0
2,0.2886688012785054,98.69856770833327,3.7666248196930736,17.157706664838955,8.626927522825106,0
2,0.2886688012785054,98.69856770833327,3.7666248196930736,18.333650675255623,8.626927522825106,0
2,0.2886688012785054,97.69856770833327,2.7666248196930736,18.510408487755623,7.626927522825106,0
2,0.2886688012785054,97.69856770833327,2.7666248196930736,19.687980102338955,7.626927522825106,0
1,0.7375049468101113,96.69856770833327,3.1797107571930736,18.687980102338955,6.626927522825106,0.8592461408797331
1,0.7375049468101113,96.69856770833327,4.594749819693074,18.687980102338955,6.626927522825106,0.37061198338925067
2,0.2886688012785054,96.69856770833327,4.594749819693074,19.867179321088955,6.626927522825106,0
1,0.7375049468101113,96.69856770833327,6.010765444693074,19.867179321088955,6.626927522825106,0
3,0.38152706885159415,95.69856770833327,5.010765444693074,18.867179321088955,7.042943147825106,0
3,0.38152706885159415,95.69856770833327,5.010765444693074,18.867179321088955,8.459935335325106,0
3,0.38152706885159415,95.69856770833327,5.010765444693074,18.867179321088955,9.877904085325106,0
3,0.38152706885159415,95.69856770833327,5.010765444693074,18.867179321088955,11.298802522825106,0
3,0.38152706885159415,95.69856770833327,5.010765444693074,18.867179321088955,12.719700960325106,0
2,0.2886688012785054,93.69856770833327,3.0107654446930736,18.052075154422287,10.719700960325106,0
2,0.2886688012785054,93.69856770833327,3.0107654446930736,19.237784789838955,10.719700960325106,0
1,0.7321100071375124,93.69856770833327,4.433617007193074,19.237784789838955,10.719700960325106,0.4438270645326797
2,0.2886688012785054,92.69856770833327,3.4336170071930736,19.423494425255623,9.719700960325106,0
0,0,93.17317708333327,3.4336170071930736,19.423494425255623,9.719700960325106,0
0,0,91.64778645833327,1.4336170071930736,17.423494425255623,7.719700960325106,0
0,0,92.12304687499994,1.4336170071930736,17.423494425255623,7.719700960325106,0
0,0,90.59830729166661,0.0,15.423494425255623,5.719700960325106,0
0,0,91.07389322916661,0.0,15.423494425255623,5.719700960325106,0
1,0.7213201277923147,90.07389322916661,2.4929408808505573,14.423494425255623,4.719700960325106,1
1,0.7195218145681151,89.07389322916661,2.9196986933505573,13.423494425255623,3.719700960325106,0.968707903922332
2,0.2886688012785054,89.07389322916661,2.9196986933505573,14.613273071088956,3.719700960325106,0
1,0.7177235013439156,88.07389322916661,3.3484096308505573,13.613273071088956,2.719700960325106,0.8250582143265092
2,0.2886688012785054,88.07389322916661,3.3484096308505573,14.804679321088956,2.719700960325106,0
2,0.2886688012785054,88.07389322916661,3.3484096308505573,15.99689937317229,2.719700960325106,0
1,0.7177235013439156,88.07389322916661,4.780050255850558,15.99689937317229,2.719700960325106,0.33909660627278576
0,0,87.55110677083329,3.7800502558505578,14.99689937317229,1.719700960325106,0
1,0.715925188119716,87.55110677083329,5.212667443350558,14.99689937317229,1.719700960325106,0.1957699003482023
2,0.2886688012785054,86.55110677083329,4.212667443350558,15.191560831505624,0.7197009603251061,0
2,0.2886688012785054,86.55110677083329,4.212667443350558,16.38703609192229,0.7197009603251061,0
1,0.7087319352229177,83.55110677083329,2.6472377558505578,13.38703609192229,0.0,1
2,0.2886688012785054,83.55110677083329,2.6472377558505578,14.58332515442229,0.0,0
2,0.2886688012785054,82.55110677083329,1.6472377558505578,14.780428019005624,0.0,0
1,0.7033369955503188,80.55110677083329,2.4491161445497713,12.780428019005624,0.0,1
0,0,81.03124999999996,2.4491161445497713,12.780428019005624,0.0,0
2,0.2886688012785054,78.03124999999996,0.0,10.981599894005624,0.0,0
2,0.2886688012785054,77.03124999999996,0.0,11.182771769005624,0.0,0
2,0.2886688012785054,76.03124999999996,0.0,11.383943644005624,0.0,0
2,0.2886688012785054,76.03124999999996,0.0,12.585929321088958,0.0,0
1,0.6943454294293208,76.03124999999996,2.4266038076670093,12.585929321088958,0.0,1
2,0.2886688012785054,76.03124999999996,2.4266038076670093,13.787914998172292,0.0,0
2,0.2886688012785054,76.03124999999996,2.4266038076670093,14.992342081505626,0.0,0
2,0.2886688012785054,75.03124999999996,1.4266038076670093,15.19676916483896,0.0,0
2,0.2886688012785054,74.03124999999996,0.42660380766700934,15.40282385233896,0.0,0
2,0.2886688012785054,72.03124999999996,0.0,14.610506144005626,0.0,0
2,0.2886688012785054,60.03124999999996,0.0,3.8198160398389596,0.0,0.7086722793451078
2,0.2886688012785054,59.03124999999996,0.0,4.029125935672293,0.0,0.6411581311603599
2,0.2886688012785054,59.03124999999996,0.0,5.240877237755626,0.0,0.2353116199864903
0,0,54.51790364583329,0.0,0.24087723775562608,0.0,0
2,0.2886688012785054,37.51790364583329,0.0,1.4756587709231825,0.0,1
2,0.2886688012785054,33.51790364583329,0.0,1.4764725730065158,0.0,1
2,0.2886688012785054,30.517903645833293,0.0,1.4767299283225537,0.0,1
2,0.2886688012785054,30.517903645833293,0.0,2.6966192512392206,0.0,1
2,0.2886688012785054,29.517903645833293,0.0,2.103520292905887,0.0,0
2,0.2886688012785054,26.517903645833293,0.0,0.5373349815103339,0.0,1
2,0.2886688012785054,16.517903645833293,0.0,0.5382774612516861,0.0,1
2,0.2886688012785054,15.517903645833293,0.0,0.5384061389097051,0.0,1
2,0.2886688012785054,11.517903645833293,0.0,0.5393486186510574,0.0,1
2,0.2886688012785054,6.517903645833293,0.0,0.5393486186510574,0.0,1
2,0.2886688012785054,4.517903645833293,0.0,0.5409762228177241,0.0,1
2,0.2886688012785054,4.517903645833293,0.0,0.9527600769843907,0.0,1
2,0.2886688012785054,2.517903645833293,0.0,0.5419187025590764,0.0,1
2,0.2886688012785054,2.517903645833293,0.0,0.9561439629757431,0.0,1
2,0.2886688012785054,2.517903645833293,0.0,1.3711830254757431,0.0,0.6507407768260489
0,0,0.16666666666666666,0.0,0.0,0.0,1
0,0,0.1669921875,0.0,0.0,0.0,1
3,0.14187010348379273,0.0,0.0,0.0,0.5794592634743393,1
0,0,0.16731770833333334,0.0,0.0,0.0,1
0,0,0.16764322916666666,0.0,0.0,0.0,1
0,0,0.16796875,0.0,0.0,0.0,1
0,0,0.16829427083333334,0.0,0.0,0.0,1
0,0,0.3375651041666667,0.0,0.0,0.0,1
0,0,0.16927083333333334,0.0,0.0,0.0,1
0,0,0.16927083333333334,0.0,0.0,0.0,1
0,0,0.3385416666666667,0.0,0.0,0.0,1
0,0,0.16959635416666666,0.0,0.0,0.0,1
0,0,0.33951822916666663,0.0,0.0,0.0,1
0,0,0.5094401041666666,0.0,0.0,0.0,1
0,0,0.17024739583333334,0.0,0.0,0.0,1
0,0,0.17024739583333334,0.0,0.0,0.0,1
0,0,0.3408203125,0.0,0.0,0.0,1
0,0,0.5113932291666666,0.0,0.0,0.0,1
0,0,0.6826171875,0.0,0.0,0.0,1
0,0,0.17122395833333334,0.0,0.0,0.0,1
0,0,0.3434244791666667,0.0,0.0,0.0,1
0,0,0.17220052083333334,0.0,0.0,0.0,1
0,0,0.17220052083333334,0.0,0.0,0.0,1
0,0,0.3447265625,0.0,0.0,0.0,1
1,0.6885997377841656,0.0,1.0188400396604909,0.0,0.0,1
0,0,0.1728515625,0.01884003966049086,0.0,0.0,1
0,0,0.1728515625,0.0,0.0,0.0,1
0,0,0.34635416666666663,0.0,0.0,0.0,1
0,0,0.5208333333333333,0.0,0.0,0.0,1
0,0,0.17447916666666666,0.0,0.0,0.0,1
0,0,0.34928385416666663,0.0,0.0,0.0,1
0,0,0.5240885416666666,0.0,0.0,0.0,1
0,0,0.17545572916666666,0.0,0.0,0.0,1
0,0,0.17545572916666666,0.0,0.0,0.0,1
0,0,0.3509114583333333,0.0,0.0,0.0,1
0,0,0.17578125,0.0,0.0,0.0,1
0,0,0.3515625,0.0,0.0,0.0,1
3,0.21236567337167814,0.3515625,0.0,0.0,0.6319203296645479,1
0,0,0.17610677083333334,0.0,0.0,0.0,1
0,0,0.17643229166666666,0.0,0.0,0.0,1
0,0,0.3528645833333333,0.0,0.0,0.0,1
0,0,0.529296875,0.0,0.0,0.0,1
2,0.2886688012785054,0.0,0.0,0.5769191306471311,0.0,1
0,0,0.17740885416666666,0.0,0.5769191306471311,0.0,1
0,0,0.3564453125,0.0,0.5769191306471311,0.0,1
0,0,0.5358072916666666,0.0,0.5769191306471311,0.0,1
0,0,0.1796875,0.0,0.0,0.0,1
0,0,0.36067708333333337,0.0,0.0,0.0,1
0,0,0.18098958333333334,0.0,0.0,0.0,1
0,0,0.3619791666666667,0.0,0.0,0.0,1
0,0,0.18131510416666666,0.0,0.0,0.0,1
0,0,0.181640625,0.0,0.0,0.0,1
0,0,0.36393229166666663,0.0,0.0,0.0,1
0,0,0.1826171875,0.0,0.0,0.0,1
0,0,0.365234375,0.0,0.0,0.0,1
0,0,0.548828125,0.0,0.0,0.0,1
0,0,0.732421875,0.0,0.0,0.0,1
0,0,0.18424479166666666,0.0,0.0,0.0,1
0,0,0.3684895833333333,0.0,0.0,0.0,1
0,0,0.5530598958333333,0.0,0.0,0.0,1
0,0,0.1845703125,0.0,0.0,0.0,1
2,0.2886688012785054,0.0,0.0,0.600095091206882,0.0,1
0,0,0.185546875,0.0,0.600095091206882,0.0,1
0,0,0.185546875,0.0,0.0,0.0,1
0,0,0.37109375,0.0,0.0,0.0,1
0,0,0.5569661458333334,0.0,0.0,0.0,1
0,0,0.18619791666666666,0.0,0.0,0.0,1
0,0,0.3723958333333333,0.0,0.0,0.0,1
0,0,0.5592447916666666,0.0,0.0,0.0,1
0,0,0.7464192708333333,0.0,0.0,0.0,1
0,0,0.1875,0.0,0.0,0.0,1
0,0,0.375,0.0,0.0,0.0,1
0,0,0.18815104166666666,0.0,0.0,0.0,1
0,0,0.3763020833333333,0.0,0.0,0.0,1
0,0,0.1884765625,0.0,0.0,0.0,1
0,0,0.376953125,0.0,0.0,0.0,1
0,0,0.18880208333333334,0.0,0.0,0.0,1
0,0,0.18912760416666666,0.0,0.0,0.0,1
0,0,0.37858072916666663,0.0,0.0,0.0,1
0,0,0.568359375,0.0,0.0,0.0,1
0,0,0.7581380208333334,0.0,0.0,0.0,1
0,0,0.19075520833333334,0.0,0.0,0.0,1
0,0,0.38216145833333337,0.0,0.0,0.0,1
0,0,0.5735677083333334,0.0,0.0,0.0,1
0,0,0.765625,0.0,0.0,0.0,1
0,0,0.958984375,0.0,0.0,0.0,1
0,0,1.15234375,0.0,0.0,0.0,1
0,0,1.3460286458333333,0.0,0.0,0.0,0.9270636413972566
0,0,0.5406901041666666,0.0,0.0,0.0,1
0,0,0.7353515625,0.0,0.0,0.0,1
0,0,0.1953125,0.0,0.0,0.0,1
0,0,0.39095052083333337,0.0,0.0,0.0,1
0,0,0.5869140625,0.0,0.0,0.0,1
0,0,0.783203125,0.0,0.0,0.0,1
0,0,0.1962890625,0.0,0.0,0.0,1
0,0,0.39322916666666663,0.0,0.0,0.0,1
2,0.2886688012785054,0.39322916666666663,0.0,0.6338956842375463,0.0,1
0,0,0.197265625,0.0,0.0,0.0,1
0,0,0.39518229166666663,0.0,0.0,0.0,1
1,0.271208364936787,0.39518229166666663,0.7275914547708489,0.0,0.0,1
0,0,0.19791666666666666,0.0,0.0,0.0,1
0,0,0.1982421875,0.0,0.0,0.0,1
0,0,0.396484375,0.0,0.0,0.0,1
0,0,0.5950520833333334,0.0,0.0,0.0,1
0,0,0.7939453125,0.0,0.0,0.0,1
0,0,0.9938151041666666,0.0,0.0,0.0,1
0,0,1.1940104166666665,0.0,0.0,0.0,1
0,0,0.3942057291666665,0.0,0.0,0.0,1
2,0.2886688012785054,0.3942057291666665,0.0,0.6445203167084598,0.0,1
0,0,0.5953776041666665,0.0,0.6445203167084598,0.0,1
0,0,0.7965494791666665,0.0,0.6445203167084598,0.0,1
0,0,0.201171875,0.0,0.0,0.0,1
0,0,0.40397135416666663,0.0,0.0,0.0,1
0,0,0.6070963541666666,0.0,0.0,0.0,1
0,0,0.8108723958333333,0.0,0.0,0.0,1
0,0,1.0146484375,0.0,0.0,0.0,1
0,0,1.2194010416666667,0.0,0.0,0.0,1
0,0,0.20572916666666666,0.0,0.0,0.0,1
0,0,0.41178385416666663,0.0,0.0,0.0,1
0,0,0.6181640625,0.0,0.0,0.0,1
0,0,0.8248697916666666,0.0,0.0,0.0,1
0,0,0.20670572916666666,0.0,0.0,0.0,1
0,0,0.41373697916666663,0.0,0.0,0.0,1
0,0,0.6207682291666666,0.0,0.0,0.0,1
0,0,0.20703125,0.0,0.0,0.0,1
0,0,0.41438802083333337,0.0,0.0,0.0,1
0,0,0.6223958333333334,0.0,0.0,0.0,1
0,0,0.8304036458333334,0.0,0.0,0.0,1
3,0.28286124325956347,0.8304036458333334,0.0,0.0,0.766964761885482,1
0,0,0.20865885416666666,0.0,0.0,0.0,1
0,0,0.41796875,0.0,0.0,0.0,1
0,0,0.6272786458333334,0.0,0.0,0.0,1
0,0,0.8372395833333334,0.0,0.0,0.0,1
0,0,0.21028645833333334,0.0,0.0,0.0,1
0,0,0.4208984375,0.0,0.0,0.0,1
0,0,0.6318359375,0.0,0.0,0.0,1
0,0,0.8430989583333334,0.0,0.0,0.0,1
0,0,0.21158854166666666,0.0,0.0,0.0,1
0,0,0.4231770833333333,0.0,0.0,0.0,1
0,0,0.6350911458333333,0.0,0.0,0.0,1
0,0,0.8473307291666666,0.0,0.0,0.0,1
2,0.28866880127850547,0.8473307291666666,0.0,0.6781922320811051,0.0,1
0,0,1.0602213541666665,0.0,0.6781922320811051,0.0,1
0,0,0.2731119791666665,0.0,0.0,0.0,1
0,0,0.4863281249999999,0.0,0.0,0.0,1
2,0.2886688012785054,0.4863281249999999,0.0,0.6815761180724574,0.0,1
0,0,0.7005208333333333,0.0,0.6815761180724574,0.0,1
0,0,0.9147135416666666,0.0,0.6815761180724574,0.0,1
0,0,1.1295572916666665,0.0,0.6815761180724574,0.0,1
2,0.2886688012785054,0.12955729166666652,0.0,0.6860311614631811,0.0,1
0,0,0.3453776041666665,0.0,0.6860311614631811,0.0,1
0,0,0.21614583333333334,0.0,0.0,0.0,1
0,0,0.43294270833333337,0.0,0.0,0.0,1
2,0.2886688012785054,0.43294270833333337,0.0,0.6913000069372379,0.0,1
0,0,0.6500651041666667,0.0,0.6913000069372379,0.0,1
0,0,0.8675130208333334,0.0,0.6913000069372379,0.0,1
0,0,0.2177734375,0.0,0.0,0.0,1
0,0,0.43587239583333337,0.0,0.0,0.0,1
2,0.2886688012785054,0.43587239583333337,0.0,0.6945134791353519,0.0,1
0,0,0.6546223958333334,0.0,0.6945134791353519,0.0,1
0,0,0.8736979166666667,0.0,0.6945134791353519,0.0,1
0,0,1.0927734375,0.0,0.6945134791353519,0.0,1
0,0,0.31184895833333337,0.0,0.0,0.0,1
0,0,0.5309244791666667,0.0,0.0,0.0,1
1,0.29843132464822425,0.5309244791666667,0.8146995809511003,0.0,0.0,1
2,0.2886688012785054,0.5309244791666667,0.8146995809511003,0.7010691011895986,0.0,1
0,0,0.7509765625000001,0.8146995809511003,0.7010691011895986,0.0,1
0,0,0.22037760416666666,0.0,0.0,0.0,1
0,0,0.44140625,0.0,0.0,0.0,1
0,0,0.6634114583333334,0.0,0.0,0.0,1
0,0,0.8857421875,0.0,0.0,0.0,1
0,0,0.22265625,0.0,0.0,0.0,1
0,0,0.4453125,0.0,0.0,0.0,1
0,0,0.6682942708333334,0.0,0.0,0.0,1
0,0,0.8919270833333334,0.0,0.0,0.0,1
0,0,1.1165364583333335,0.0,0.0,0.0,1
2,0.28866880127850547,1.1165364583333335,0.0,0.7153349749679023,0.0,1
0,0,0.34147135416666685,0.0,0.0,0.0,1
0,0,0.5664062500000002,0.0,0.0,0.0,1
0,0,0.7919921875000002,0.0,0.0,0.0,1
2,0.2886688012785054,0.7919921875000002,0.0,0.7173486121086259,0.0,1
0,0,1.0175781250000002,0.0,0.7173486121086259,0.0,1
0,0,1.2434895833333335,0.0,0.7173486121086259,0.0,1
0,0,1.4703776041666667,0.0,0.7173486121086259,0.0,0.9910300806470022
0,0,1.6975911458333335,0.0,0.7173486121086259,0.0,0.8366737055841488
3,0.05175768116490752,1.6975911458333335,0.0,0.7173486121086259,0.7412302836204353,1
0,0,1.9261067708333335,0.0,0.7173486121086259,0.7412302836204353,0.683038641460184
0,0,2.154947916666667,0.0,0.7173486121086259,0.7412302836204353,0.5271375247285595
2,0.2886688012785054,1.154947916666667,0.0,0.7284010136888157,0.0,1
0,0,1.384440104166667,0.0,0.7284010136888157,0.0,1
2,0.2886688012785054,1.384440104166667,0.0,1.3029452845221492,0.0,1
0,0,1.6142578125000002,0.0,1.3029452845221492,0.0,0.9053720721438576
2,0.2886688012785054,0.6142578125000002,0.0,0.8774895553554826,0.0,1
3,0.05247047411675893,0.6142578125000002,0.0,0.8774895553554826,0.7487015666159239,1
0,0,0.8447265625000002,0.0,0.8774895553554826,0.7487015666159239,1
2,0.2886688012785054,0.8447265625000002,0.0,1.454475232438816,0.7487015666159239,1
0,0,0.23111979166666666,0.0,0.45447523243881593,0.0,1
2,0.2886688012785054,0.23111979166666666,0.0,1.0322747116054827,0.0,1
0,0,0.4622395833333333,0.0,1.0322747116054827,0.0,1
0,0,0.693359375,0.0,1.0322747116054827,0.0,1
0,0,0.9248046875,0.0,1.0322747116054827,0.0,1
2,0.2886688012785054,0.0,0.0,0.7390256461597292,0.0,1
0,0,0.2333984375,0.0,0.7390256461597292,0.0,1
0,0,0.46809895833333337,0.0,0.7390256461597292,0.0,1
0,0,0.7027994791666667,0.0,0.7390256461597292,0.0,1
2,0.2886688012785054,0.0,0.0,0.7467358978837861,0.0,1
0,0,0.236328125,0.0,0.7467358978837861,0.0,1
0,0,0.47265625,0.0,0.7467358978837861,0.0,1
2,0.2886688012785054,0.47265625,0.0,1.3383700124671196,0.0,1
0,0,0.7093098958333334,0.0,1.3383700124671196,0.0,1
0,0,0.9459635416666667,0.0,1.3383700124671196,0.0,1
0,0,0.23697916666666666,0.0,0.3383700124671196,0.0,1
1,0.31374423948590774,0.23697916666666666,0.8840944989753432,0.3383700124671196,0.0,1
2,0.2886688012785054,0.23697916666666666,0.8840944989753432,0.932445533300453,0.0,1
0,0,0.4755859375,0.8840944989753432,0.932445533300453,0.0,1
0,0,0.2392578125,0.0,0.0,0.0,1
0,0,0.47884114583333337,0.0,0.0,0.0,1
0,0,0.7184244791666667,0.0,0.0,0.0,1
1,0.3154456744678725,0.7184244791666667,0.8927117594027517,0.0,0.0,1
0,0,0.23990885416666666,0.0,0.0,0.0,1
0,0,0.4807942708333333,0.0,0.0,0.0,1
1,0.31714710944983737,0.4807942708333333,0.8979901699779534,0.0,0.0,1
2,0.2886688012785054,0.4807942708333333,0.8979901699779534,0.7646430129694801,0.0,1
2,0.2886688012785054,0.4807942708333333,0.8979901699779534,1.3701117629694801,0.0,1
0,0,0.7229817708333333,0.8979901699779534,1.3701117629694801,0.0,1
0,0,0.9654947916666666,0.8979901699779534,1.3701117629694801,0.0,1
0,0,1.2086588541666665,0.8979901699779534,1.3701117629694801,0.0,1
0,0,0.45247395833333315,0.0,0.3701117629694801,0.0,1
0,0,0.6962890624999998,0.0,0.3701117629694801,0.0,1
2,0.28866880127850547,0.6962890624999998,0.0,0.9804633254694801,0.0,1
0,0,0.9414062499999998,0.0,0.9804633254694801,0.0,1
1,0.3188485444318022,0.9414062499999998,0.9140365873862805,0.9804633254694801,0.0,1
2,0.28866880127850547,0.9414062499999998,0.9140365873862805,1.5981391067194801,0.0,0.9630001552039489
0,0,1.1884765624999998,0.9140365873862805,1.5981391067194801,0.0,1
2,0.28866880127850547,1.1884765624999998,0.9140365873862805,2.21581488796948,0.0,0.573170639643613
0,0,1.435872395833333,0.9140365873862805,2.21581488796948,0.0,1
0,0,1.6835937499999998,0.9140365873862805,2.21581488796948,0.0,0.9271724869870909
0,0,0.9313151041666664,0.0,1.2158148879694801,0.0,1
2,0.2886688012785054,0.9313151041666664,0.0,1.8375596796361469,0.0,0.8187528360187184
0,0,1.180013020833333,0.0,1.8375596796361469,0.0,1
3,0.055321645924164595,1.180013020833333,0.0,1.8375596796361469,0.808859316199253,1
0,0,1.429036458333333,0.0,1.8375596796361469,0.808859316199253,1
0,0,1.679036458333333,0.0,1.8375596796361469,0.808859316199253,0.938166817817544
0,0,1.929036458333333,0.0,1.8375596796361469,0.808859316199253,0.7802563529226565
2,0.2886688012785054,0.929036458333333,0.0,1.4633734817194801,0.0,1
0,0,1.180013020833333,0.0,1.4633734817194801,0.0,1
0,0,1.430989583333333,0.0,1.4633734817194801,0.0,1
0,0,1.682942708333333,0.0,1.4633734817194801,0.0,0.9381199982254435
0,0,1.934895833333333,0.0,1.4633734817194801,0.0,0.7803355858962202
0,0,2.186848958333333,0.0,1.4633734817194801,0.0,0.6221570840524726
2,0.2886688012785054,2.186848958333333,0.0,2.09569770046948,0.0,0.669427230383815
0,0,2.4401041666666665,0.0,2.09569770046948,0.0,0.46362975647046634
0,0,1.6933593749999998,0.0,1.0956977004694801,0.0,0.9346980737178974
2,0.2886688012785054,1.6933593749999998,0.0,1.7296495233861469,0.0,0.9014734724619945
0,0,1.9469401041666665,0.0,1.7296495233861469,0.0,0.7771258945173033
0,0,2.2008463541666665,0.0,1.7296495233861469,0.0,0.6188470394066465
0,0,2.4557291666666665,0.0,1.7296495233861469,0.0,0.46044264742481705
2,0.2886688012785054,1.4557291666666665,0.0,1.3684841588028136,0.0,1
2,0.2886688012785054,1.4557291666666665,0.0,2.011387804636147,0.0,0.7320838611890151
0,0,1.7135416666666665,0.0,2.011387804636147,0.0,0.9288402358643812
0,0,1.9716796874999998,0.0,2.011387804636147,0.0,0.7686490559973814
0,0,2.2301432291666665,0.0,2.011387804636147,0.0,0.6110610923361046
3,0.05674723182786743,1.2301432291666665,0.0,1.011387804636147,0.8435553753579771,1
2,0.2886688012785054,1.2301432291666665,0.0,1.6599880650528138,0.8435553753579771,0.9577504042275267
0,0,0.4899088541666665,0.0,0.6599880650528138,0.0,1
2,0.2886688012785054,0.4899088541666665,0.0,1.312657335886147,0.0,1
0,0,0.7513020833333333,0.0,1.312657335886147,0.0,1
0,0,0.26171875,0.0,0.3126573358861471,0.0,1
2,0.2886688012785054,0.26171875,0.0,0.9677680129694805,0.0,1
0,0,0.5240885416666667,0.0,0.9677680129694805,0.0,1
0,0,0.7867838541666667,0.0,0.9677680129694805,0.0,1
2,0.2886688012785054,0.7867838541666667,0.0,1.6253200963028138,0.0,0.9859484503408984
3,0.057460024779718843,0.7867838541666667,0.0,1.6253200963028138,0.8560884186160269,1
0,0,1.0501302083333335,0.0,1.6253200963028138,0.8560884186160269,1
0,0,1.3134765625000002,0.0,1.6253200963028138,0.8560884186160269,1
0,0,0.5771484375000002,0.0,0.6253200963028138,0.0,1
2,0.2886688012785054,0.5771484375000002,0.0,1.2861273879694806,0.0,1
0,0,0.8417968750000002,0.0,1.2861273879694806,0.0,1
0,0,1.107096354166667,0.0,1.2861273879694806,0.0,1
0,0,1.3723958333333337,0.0,1.2861273879694806,0.0,1
0,0,1.6380208333333337,0.0,1.2861273879694806,0.0,0.9986065107776151
2,0.2886688012785054,0.6380208333333337,0.0,0.9510036900528139,0.0,1
0,0,0.9042968750000004,0.0,0.9510036900528139,0.0,1
2,0.2886688012785054,0.9042968750000004,0.0,1.617507596302814,0.0,1
0,0,1.1708984375000004,0.0,1.617507596302814,0.0,1
0,0,1.4378255208333337,0.0,1.617507596302814,0.0,1
2,0.2886688012785054,0.4378255208333337,0.0,1.2856391067194808,0.0,1
0,0,0.7050781250000004,0.0,1.2856391067194808,0.0,1
3,0.05852921420749597,0.7050781250000004,0.0,1.2856391067194808,0.8719141986722092,1
0,0,0.9742838541666672,0.0,1.2856391067194808,0.8719141986722092,1
0,0,1.2438151041666672,0.0,1.2856391067194808,0.8719141986722092,1
0,0,1.5136718750000004,0.0,1.2856391067194808,0.8719141986722092,1
0,0,1.7838541666666672,0.0,1.2856391067194808,0.8719141986722092,0.9302370399899357
2,0.2886688012785054,1.7838541666666672,0.0,1.9610948358861475,0.8719141986722092,0.8139544826311808
0,0,2.054036458333334,0.0,1.9610948358861475,0.8719141986722092,0.7687311748920604
0,0,2.3248697916666674,0.0,1.9610948358861475,0.8719141986722092,0.6083527182704539
0,0,2.595703125000001,0.0,1.9610948358861475,0.8719141986722092,0.4474113959261769
2,0.2886688012785054,1.5957031250000009,0.0,1.6389919713028143,0.0,1
0,0,1.8668619791666676,0.0,1.6389919713028143,0.0,0.8890019668686161
0,0,2.1380208333333344,0.0,1.6389919713028143,0.0,0.7305651387207934
2,0.2886688012785054,2.1380208333333344,0.0,2.319330512969481,0.0,0.617689992997812
0,0,2.4104817708333344,0.0,2.319330512969481,0.0,0.574200570125846
2,0.2886688012785054,1.4104817708333344,0.0,2.000482856719481,0.0,0.8069981973653261
0,0,1.6832682291666676,0.0,2.000482856719481,0.0,1
0,0,1.9563802083333344,0.0,2.000482856719481,0.0,0.8491031334424388
0,0,2.2298177083333344,0.0,2.000482856719481,0.0,0.6882491277758698
1,0.33926576421538013,2.2298177083333344,1.0217312363295503,2.000482856719481,0.0,1
2,0.2886688012785054,2.2298177083333344,1.0217312363295503,2.6848904088028145,0.0,0.411579363235077
2,0.2886688012785054,2.2298177083333344,1.0217312363295503,3.369297960886148,0.0,0.013346531849162253
0,0,1.5042317708333344,0.02173123632955032,2.369297960886148,0.0,1
0,0,1.7789713541666676,0.02173123632955032,2.369297960886148,0.0,0.9578621968631265
0,0,2.054361979166668,0.02173123632955032,2.369297960886148,0.0,0.7966131258138616
0,0,2.329752604166668,0.02173123632955032,2.369297960886148,0.0,0.6357630569044224
0,0,2.605143229166668,0.02173123632955032,2.369297960886148,0.0,0.4746485729886629
0,0,2.8808593750000013,0.02173123632955032,2.369297960886148,0.0,0.31532899440644135
1,0.340967199197345,2.8808593750000013,1.0326874681581588,2.369297960886148,0.0,1
2,0.2886688012785054,2.8808593750000013,1.0326874681581588,3.060215929636148,0.0,0.20845142135591235
2,0.2886688012785054,2.8808593750000013,1.0326874681581588,3.7543891067194815,0.0,0
2,0.2886688012785054,2.8808593750000013,1.0326874681581588,4.448562283802815,0.0,0
0,0,2.158528645833335,0.03268746815815882,3.448562283802815,0.0,0.7481528103429054
0,0,2.4365234375000013,0.03268746815815882,3.448562283802815,0.0,0.5874928364678966
0,0,2.714518229166668,0.03268746815815882,3.448562283802815,0.0,0.4266579267162996
0,0,2.9931640625000013,0.03268746815815882,3.448562283802815,0.0,0.2672084534691738
0,0,3.271809895833335,0.03268746815815882,3.448562283802815,0.0,0.1096665205135836
0,0,3.551106770833335,0.03268746815815882,3.448562283802815,0.0,0
0,0,3.8307291666666683,0.03268746815815882,3.448562283802815,0.0,0
2,0.2886688012785054,2.8307291666666683,0.0,3.1500596796361484,0.0,0.18384168230879502
0,0,3.1113281250000018,0.0,3.1500596796361484,0.0,0.21887511196226805
0,0,3.3922526041666683,0.0,3.1500596796361484,0.0,0.0597119167907021
0,0,3.6735026041666683,0.0,3.1500596796361484,0.0,0
0,0,3.9550781250000018,0.0,3.1500596796361484,0.0,0
0,0,4.236979166666669,0.0,3.1500596796361484,0.0,0
0,0,4.519205729166669,0.0,3.1500596796361484,0.0,0
0,0,4.801757812500002,0.0,3.1500596796361484,0.0,0
2,0.2886688012785054,4.801757812500002,0.0,3.856439887969482,0.0,0
0,0,5.084309895833335,0.0,3.856439887969482,0.0,0
0,0,5.367187500000002,0.0,3.856439887969482,0.0,0
0,0,4.650716145833335,0.0,2.856439887969482,0.0,0
0,0,4.934244791666668,0.0,2.856439887969482,0.0,0
0,0,5.217773437500001,0.0,2.856439887969482,0.0,0
0,0,5.501627604166668,0.0,2.856439887969482,0.0,0
3,0.06066759306305022,5.501627604166668,0.0,2.856439887969482,0.923753043045403,1
2,0.2886688012785054,4.501627604166668,0.0,2.566889106719482,0.0,0.5575027263857071
2,0.2886688012785054,4.501627604166668,0.0,3.2781521275528154,0.0,0.16141198617863584
0,0,4.786458333333335,0.0,3.2781521275528154,0.0,0
0,0,5.071289062500002,0.0,3.2781521275528154,0.0,0
2,0.2886688012785054,4.071289062500002,0.0,2.990228950469482,0.0,0.32694176399724223
0,0,4.357096354166669,0.0,2.990228950469482,0.0,0
0,0,4.643554687500002,0.0,2.990228950469482,0.0,0
0,0,4.930338541666669,0.0,2.990228950469482,0.0,0
0,0,5.217122395833336,0.0,2.990228950469482,0.0,0
0,0,5.505859375000003,0.0,2.990228950469482,0.0,0
2,0.2886688012785054,4.505859375000003,0.0,2.7136990025528154,0.0,0.49314632125483404
2,0.2886688012785054,4.505859375000003,0.0,3.437982856719482,0.0,0.09673790896868743
0,0,4.79557291666667,0.0,3.437982856719482,0.0,0
0,0,5.08561197916667,0.0,3.437982856719482,0.0,0
0,0,5.37565104166667,0.0,3.437982856719482,0.0,0
1,0.35117580908913393,5.37565104166667,1.088967841106175,3.437982856719482,0.0,1
2,0.2886688012785054,5.37565104166667,1.088967841106175,4.163894315052815,0.0,0
2,0.2886688012785054,5.37565104166667,1.088967841106175,4.889805773386148,0.0,0
2,0.2886688012785054,5.37565104166667,1.088967841106175,5.616531033802815,0.0,0
2,0.2886688012785054,5.37565104166667,1.088967841106175,6.344070096302815,0.0,0
2,0.2886688012785054,5.37565104166667,1.088967841106175,7.073236762969482,0.0,0
2,0.2886688012785054,4.37565104166667,0.08896784110617495,6.802403429636149,0.0,0
2,0.2886688012785054,4.37565104166667,0.08896784110617495,7.532383898386149,0.0,0
2,0.2886688012785054,4.37565104166667,0.08896784110617495,8.263178169219483,0.0,0
2,0.2886688012785054,4.37565104166667,0.08896784110617495,8.993972440052817,0.0,0
2,0.2886688012785054,4.37565104166667,0.08896784110617495,9.726394315052817,0.0,0
2,0.2886688012785054,4.37565104166667,0.08896784110617495,10.458816190052817,0.0,0
2,0.2886688012785054,4.37565104166667,0.08896784110617495,11.192865669219483,0.0,0
2,0.2886688012785054,4.37565104166667,0.08896784110617495,11.926915148386149,0.0,0
2,0.2886688012785054,4.37565104166667,0.08896784110617495,12.661778429636149,0.0,0
2,0.2886688012785054,4.37565104166667,0.08896784110617495,13.396641710886149,0.0,0
2,0.2886688012785054,3.3756510416666696,0.0,13.132318794219483,0.0,0
2,0.2886688012785054,3.3756510416666696,0.0,13.870437283802817,0.0,0
2,0.2886688012785054,3.3756510416666696,0.0,14.60855577338615,0.0,0
