47400.0,1478,1907,106,2.714762476713502
47400.0,1435,1418,172,2.678223540050767
47403.0,855,1083,107,1.242124160465956
47408.0,1146,1425,183,1.8352706602461712
47412.0,512,1710,107,1.767050236283338
47412.0,1038,1922,131,2.3431504624849087
47414.0,1187,1407,131,1.3683307436335403
47422.0,512,1126,100,1.0701994711484561
47427.0,1249,1286,136,1.9616466607378664
47433.0,1356,1140,199,1.663006468922869
47434.0,590,1137,137,2.8085837193912626
47434.0,1322,1301,194,1.660627203921552
47435.0,705,1109,177,2.734526276679069
47436.0,1216,1260,120,2.9063606810313587
47436.0,964,1246,117,2.380205172910244
47437.0,1061,1204,192,2.1243318381179632
47438.0,1320,1311,108,1.2793812462617553
47440.0,1441,1408,198,2.7024840290959538
47440.0,1099,1979,108,2.760142682043421
47441.0,1024,1586,169,2.1270080691040274
47444.0,1329,1652,132,1.2226904404138283
47445.0,1350,1988,135,1.8518897306060824
47445.0,1121,1220,128,1.936262688518084
47446.0,1112,1551,124,2.3500218242780555
47448.0,628,1918,198,1.845759199424088
47452.0,952,1323,127,1.966004754973204
47452.0,829,1265,140,1.6856631820586887
47452.0,1298,1804,139,1.9534645138037736
47454.0,1194,1834,198,2.4509214159802473
47454.0,788,1503,156,1.3403964196810554
47456.0,1188,1536,150,2.0984089901385676
47457.0,1249,1916,198,2.4763846403443504
47458.0,1196,1426,114,1.2993126697846744
47458.0,667,1850,103,2.438377816940683
47458.0,1044,1145,184,1.5058025724384487
47460.0,1111,1777,145,1.7740252742366764
47460.0,520,1539,182,1.727591090461994
47461.0,1077,1179,113,2.7108257347044815
47462.0,803,1007,184,2.653254668856967
47462.0,585,1986,110,1.456661801138928
47462.0,874,1934,175,2.8467745029167344
47464.0,544,1160,123,1.1705388915865556
47465.0,1491,1236,132,2.688850279648749
47465.0,677,1797,157,2.3725312738835633
47465.0,917,1493,157,2.7945522072845197
47466.0,1452,1462,100,2.4678162891889617
47466.0,1121,1409,114,1.2210473989407624
47466.0,851,1365,118,1.824220374917715
47466.0,655,1016,112,2.9924494624334623
47467.0,1352,1211,157,2.3121822188993395
47467.0,586,1906,143,1.943349922969179
47467.0,572,1911,154,1.9680962148867631
47468.0,1432,1842,128,1.6711667105594115
47468.0,1009,1043,101,1.0941060589610174
47468.0,1300,1806,131,2.491244275558981
47468.0,1492,1246,128,2.002913702760061
47468.0,1398,1292,145,1.6731706178326744
47468.0,513,1312,141,2.1318875395266463
47468.0,743,1472,135,2.178137988408278
47469.0,827,1141,195,1.6139567543451117
47469.0,920,1921,189,1.6482175721440884
47470.0,661,1884,112,1.171021929198275
47470.0,1440,1443,120,1.271866487537655
47470.0,1247,1429,108,2.010365108888052
47471.0,606,1885,146,2.816873686027005
47472.0,1369,1745,132,1.2228636797802583
47473.0,1453,1198,172,2.234162067293702
47473.0,1327,1616,152,1.811972703726922
47473.0,1342,1458,124,2.373839885238409
47473.0,839,1536,121,2.153666462507912
47473.0,500,1043,158,1.8430776238440205
47474.0,1360,1181,159,1.220920846318187
47474.0,1450,1486,182,1.5271616719662546
47474.0,1273,1681,104,1.4425348268600195
47474.0,1396,1757,192,2.466106103634077
47475.0,1307,1988,149,1.2147489153886522
47475.0,1061,1852,158,1.5412939100773693
47476.0,966,1891,141,2.92925262026056
47476.0,1424,1840,153,2.7189690070881243
47476.0,779,1179,153,1.8373002343858218
47476.0,619,1439,196,2.577390550165566
47476.0,953,1895,163,1.7625695424482188
47476.0,1424,1533,197,1.5988720687880142
47476.0,981,1197,159,1.984930029973862
47477.0,750,1498,121,1.2723770650634685
47477.0,1388,1818,152,1.1313867876931687
47477.0,895,1467,143,1.826344044480646
47477.0,1247,1090,114,2.243198334273389
47477.0,1405,1145,131,1.1422997344380617
47477.0,1182,1558,134,2.8524133979570383
47478.0,1466,1118,144,1.9531521013490016
47478.0,1208,1053,196,1.744649162574266
47478.0,951,1551,187,2.482786940257136
47478.0,960,1735,138,2.2960179853766576
47479.0,801,1641,103,2.456927243564827
47479.0,745,1137,167,2.888924895369498
47479.0,783,1066,164,1.7033930462420088
47480.0,1203,1898,174,1.7732963988869552
47480.0,536,1503,101,1.0076408908004981
47480.0,1362,1312,116,1.1374792061462695
47480.0,1233,1470,110,1.5605661804018165
47480.0,1046,1029,116,2.700078510724553
47481.0,720,1756,128,1.516504255110048
47481.0,1071,1848,161,2.808502646875502
47481.0,926,1779,137,2.4706469684225647
47481.0,901,1363,126,2.449151715427078
47481.0,1368,1873,193,2.2939108621070257
47481.0,569,1417,191,1.4759088871544377
47481.0,1434,1405,171,1.133905901809413
47482.0,885,1704,185,2.1041106419062787
47482.0,1463,1973,198,2.4014547378523368
47483.0,633,1004,140,1.1373609091706183
47483.0,1331,1091,116,1.8256706751843494
47483.0,823,1861,154,1.4444833239347736
47483.0,614,1035,109,1.6944268266879063
47484.0,992,1027,183,2.698279768395406
47485.0,871,1834,179,1.134594088628932
47485.0,1453,1581,131,2.740656306121494
47485.0,789,1423,106,1.9432245450907568
47486.0,904,1925,121,1.7961237563628512
47486.0,1206,1031,108,1.6242498499985063
47486.0,1368,1946,191,1.0162385760449026
47486.0,673,1823,168,1.4922483408313176
47486.0,952,1370,156,1.834476147160452
47487.0,748,1961,190,2.1925711230355978
47487.0,763,1950,122,1.921494396484087
47488.0,831,1964,168,2.3022422264569022
47488.0,884,1131,132,1.6530484180055651
47488.0,857,1043,176,2.558097703771093
47488.0,694,1967,180,2.1421093375724998
47488.0,1128,1150,122,2.4066732177315204
47489.0,1199,1506,163,1.0883098139852643
47489.0,532,1256,109,1.41352470074454
47489.0,1445,1750,191,2.7446734702000617
47489.0,1143,1916,184,1.9672895056622604
47489.0,1457,1215,104,2.5903403242778484
47490.0,894,1924,180,2.624899035809016
47490.0,547,1335,141,1.1122237781482491
47490.0,1016,1455,171,2.0646228550662493
47490.0,802,1548,146,2.4419462711963265
47491.0,1412,1456,148,2.5073661702768035
47492.0,1193,1402,122,2.5095647129078094
47492.0,809,1385,111,2.106143382455021
47492.0,664,1661,124,2.859796776835723
47492.0,1317,1733,107,1.1918907726311496
47492.0,1181,1960,172,1.6171662160537295
47493.0,800,1202,130,1.7505956122782882
47493.0,803,1146,170,2.4498800651391983
47493.0,1388,1799,183,1.2157587580225704
47493.0,997,1447,121,1.0950091534766737
47493.0,1279,1684,160,1.2054111536716492
47494.0,1164,1815,121,2.00569950025956
47494.0,567,1699,132,1.3336815781742297
47494.0,846,1108,150,2.0404588739488405
47494.0,1005,1418,168,2.41944466344075
47494.0,960,1465,196,1.3798276370906877
47494.0,1484,1526,129,1.4068064869231274
47494.0,1114,1810,134,1.7720757367474884
47494.0,960,1453,140,1.777746727763393
47494.0,810,1134,193,1.7143953786939896
47495.0,1285,1188,155,2.078042310461866
47495.0,825,1708,174,2.658225494780651
47496.0,502,1116,123,1.4236969300352307
47496.0,611,1676,182,2.640181193223555
47496.0,1130,1262,144,2.0365409987254415
47496.0,1369,1958,177,1.3439841274124096
47496.0,836,1210,141,1.4283262500116565
47496.0,1200,1076,113,1.5843466032234634
47496.0,1158,1514,136,1.9041136105119476
47496.0,790,1176,114,2.6000106324912875
47496.0,1375,1745,127,1.3972326563556627
47496.0,859,1198,147,1.579777015184501
47497.0,957,1130,172,1.6975382083111064
47497.0,601,1237,169,2.7375075706631047
47497.0,839,1188,137,2.166667050979494
47497.0,657,1644,138,2.3513071267026215
47497.0,563,1183,106,1.9900981959588173
47497.0,1228,1396,139,2.0496928897467743
47498.0,726,1647,151,1.5705527778404695
47498.0,931,1952,139,1.582741881067714
47498.0,1069,1431,163,2.6641016260118446
47498.0,1134,1717,142,2.4811687042649844
47498.0,1024,1119,120,2.9181605918553055
47498.0,745,1840,128,1.7418103427861114
47499.0,1165,1960,171,1.8960888461502954
47499.0,540,1676,120,1.185760355897612
47499.0,1414,1189,121,1.9776718747866326
47499.0,1083,1583,146,1.866525192661025
47499.0,836,1089,116,2.3801051947667036
47499.0,585,1289,141,1.274975639143079
47500.0,1366,1356,173,1.7174322243957223
47500.0,890,1838,163,2.848170582541294
47500.0,685,1832,173,2.3444490551187505
47500.0,960,1759,156,1.0838732802943256
47500.0,621,1048,105,2.6463302958690846
47500.0,668,1126,141,2.271189697235344
47500.0,877,1392,134,1.6838968285894556
47501.0,920,1072,130,2.6791657132657543
47501.0,1354,1417,151,1.4950461326203608
47501.0,1155,1287,164,2.6657839387698443
47501.0,1222,1566,160,1.6297181257698985
47501.0,1383,1459,173,2.336997322783467
47502.0,1159,1262,105,2.0207993119561536
47502.0,673,1492,153,2.7411272313668014
47502.0,691,1678,109,1.733098115920803
47502.0,658,1040,179,2.843642847913255
47502.0,711,1964,199,1.1273606920699732
47503.0,1054,1270,133,1.07493324844577
47503.0,1202,1669,140,2.670559913827108
47503.0,563,1366,152,1.0632643918723732
47504.0,658,1391,116,1.20058015350807
47504.0,1250,1634,111,2.54534131006163
47504.0,1008,1900,160,2.6146469664082144
47504.0,649,1876,157,2.316114134872314
47504.0,897,1872,197,1.7937620722638024
47505.0,1423,1057,157,2.8717734645236295
47505.0,1468,1585,182,2.889690469923732
47505.0,1148,1743,174,2.4517381287635267
47505.0,924,1174,103,2.715231711079274
47505.0,930,1880,156,1.384309553255593
47505.0,1038,1185,190,2.334865465396545
47505.0,1216,1742,151,2.906595835317314
47506.0,932,1668,120,1.4429722099814455
47506.0,1157,1940,150,2.979802489263506
47506.0,1387,1957,193,1.1744288456401237
47506.0,712,1254,195,2.7926086963112926
47506.0,1181,1284,106,2.7551001748738706
47506.0,1250,1152,117,1.5300302880324652
47507.0,705,1444,168,2.123199925657633
47507.0,1112,1049,116,2.434144814612846
47508.0,585,1549,182,1.8466316183232294
47508.0,652,1562,120,1.7073276056416755
47508.0,1170,1482,184,1.658327024273854
47508.0,909,1366,118,1.4729971702988156
47508.0,1199,1120,150,1.757657147873887
47508.0,1158,1772,154,1.5939166950223411
47508.0,844,1910,101,2.7381719850015225
47509.0,1374,1956,111,1.061860319244698
47509.0,1451,1282,109,1.0433394180404234
47509.0,903,1934,191,2.387433105752499
47509.0,1091,1618,113,2.9824265714137397
47509.0,1167,1922,166,1.91621737091645
47509.0,986,1715,193,1.5931620686734558
47509.0,990,1269,149,1.6310884043757883
47509.0,1478,1820,185,2.4209117005636367
47509.0,532,1913,111,2.044064670617865
47509.0,678,1189,182,2.4066046497109976
47510.0,688,1834,195,1.351011706109237
47510.0,1174,1628,147,1.232126952169841
47510.0,714,1855,113,1.2158567962201066
47510.0,863,1930,157,1.6802474134669814
47510.0,890,1156,142,1.3396847484647345
47510.0,996,1726,104,1.3564672172194026
47510.0,1474,1593,130,2.76201610113184
47510.0,1291,1639,159,1.6243128305596732
47510.0,955,1773,131,1.2491475373125187
47510.0,675,1910,163,2.3914922745533964
47511.0,604,1393,133,2.1432958362804904
47511.0,605,1285,183,1.1003575118579463
47512.0,1485,1288,106,2.5445537164663263
47512.0,1122,1540,146,2.312994166116504
47512.0,1110,1108,171,2.7484027464093854
47512.0,1103,1739,195,1.1441441568628894
47513.0,935,1297,133,2.6739635199774368
47513.0,991,1810,109,1.2432420128950892
47513.0,682,1337,111,1.9516644413467141
47513.0,519,1709,120,1.0693475723680796
47513.0,728,1633,148,1.4500728467208492
47513.0,641,1487,177,2.1634482908353623
47513.0,714,1032,118,2.261479169278148
47513.0,1285,1887,152,2.527028503540942
47513.0,1355,1337,104,2.8053559995172486
47513.0,1124,1491,124,1.1384933319606825
47514.0,1034,1631,116,2.3621804435682745
47514.0,882,1580,135,2.2377593996955847
47514.0,1277,1260,115,1.9301999405799555
47514.0,1096,1168,143,1.4887183531441168
47514.0,1397,1218,119,2.44646281761596
47514.0,1211,1897,163,2.661042179541928
47514.0,1083,1115,173,1.0712225537067517
47514.0,1157,1520,105,2.9344839974801515
47514.0,1010,1984,116,1.025987920917199
47514.0,771,1444,118,2.742661345653699
47515.0,715,1670,154,2.0203667164588257
47515.0,1330,1637,116,1.586474526241064
47515.0,1339,1814,170,1.0002023475564903
47515.0,525,1428,122,2.7855411055967645
47516.0,543,1677,181,2.7700588405893996
47516.0,1364,1040,111,2.0501693742114093
47516.0,660,1045,199,2.0422413433246454
47516.0,1131,1854,123,1.5758953031224292
47516.0,883,1549,111,2.720829281716509
47516.0,964,1818,107,1.4307143509060731
47516.0,537,1878,181,1.4961009935999818
47516.0,579,1041,164,2.38818823850145
47517.0,564,1034,146,2.7016349174839567
47517.0,1198,1843,163,1.1461301241817479
47517.0,1386,1802,134,1.6025629521023896
47517.0,1351,1908,121,2.336549532996997
47518.0,1465,1069,183,2.909939439957378
47518.0,1218,1557,135,2.3241513497364226
47518.0,700,1871,113,2.057434559239363
47519.0,662,1297,161,2.614493143870207
47519.0,833,1189,163,2.473936393765317
47520.0,573,1455,138,1.0344001905095075
47520.0,1308,1582,157,2.9939466823978833
47520.0,857,1998,159,2.736551880921641
47520.0,1478,1040,114,2.9246085709938434
47520.0,698,1664,176,2.319383432196164
47520.0,1378,1948,176,2.6925228454102124
47520.0,1468,1022,122,1.599414183431644
47520.0,593,1137,125,2.241702475049136
47520.0,1139,1669,156,1.9790900017186923
47520.0,558,1758,191,1.2325281134164756
47520.0,961,1242,153,1.4651441301947314
47520.0,1486,1691,164,1.5402080543746361
47521.0,631,1717,182,1.5738678454030208
47521.0,1237,1817,160,1.4044525931767649
47521.0,1110,1114,157,1.6004319030596335
47521.0,985,1027,113,2.894119901584409
47521.0,1434,1638,135,1.4731533809646922
47521.0,558,1992,110,2.3546300931828026
47521.0,827,1627,176,2.9076443918588284
47522.0,1222,1836,186,2.2310124108771343
47522.0,903,1759,116,2.3245874319250226
47522.0,1427,1210,136,1.8067270277852865
47522.0,1349,1846,103,1.144512246152182
47522.0,1186,1927,196,1.0464087338923813
47522.0,650,1941,150,2.968701687995813
47523.0,776,1549,125,2.165201979201976
47523.0,1494,1119,164,2.9412778558413772
47523.0,561,1578,187,2.706154511571526
47523.0,956,1939,157,2.5257281775185323
47523.0,1405,1501,176,1.1092544747910411
47523.0,1490,1780,141,2.7087575032745876
47523.0,733,1551,144,2.924478889918212
47523.0,690,1335,199,2.557628795349151
47523.0,853,1170,172,2.031931831678188
47523.0,798,1684,141,2.0316757967394596
47523.0,726,1853,180,2.616355809596339
47523.0,1247,1676,121,2.846097164609347
47523.0,738,1098,110,1.1247703897663277
47524.0,510,1683,180,1.0166751650243973
47524.0,1239,1876,132,1.9625425646535846
47524.0,895,1109,108,2.380579809296606
47524.0,978,1223,163,1.504565638066081
47524.0,772,1567,197,1.0592424544623855
47524.0,1244,1951,103,2.222990328432782
47524.0,895,1625,173,1.5074881268863694
47525.0,639,1898,187,2.6170162127804746
47525.0,669,1921,122,2.606257288130821
47525.0,940,1882,165,1.7757408824037613
47525.0,604,1347,141,2.2055933954562663
47526.0,992,1085,118,2.02418146191662
47526.0,1215,1977,198,1.1889276029170117
47526.0,828,1066,126,2.8403340563425616
47526.0,1484,1433,145,2.5920667159401485
47526.0,1365,1517,115,1.9737718009217218
47526.0,1194,1189,106,2.351326177932672
47527.0,981,1896,106,1.4816590653040391
47527.0,1082,1553,121,2.4887971628553442
47527.0,766,1729,184,1.4327994403248339
47527.0,1002,1254,180,2.2748840058173316
47527.0,1430,1748,185,2.2670494597151265
47527.0,796,1451,166,1.974674394058741
47527.0,600,1230,170,1.435342614733089
47527.0,959,1121,153,1.593448406294238
47527.0,759,1030,153,2.427587155238821
47528.0,1061,1693,132,2.606274185935527
47528.0,999,1941,103,2.8860850460910283
47528.0,705,1482,161,1.1280435083524745
47528.0,1294,1782,172,1.2638278441284925
47528.0,1091,1468,159,1.784653081830599
47528.0,568,1831,199,1.6287056888805098
47528.0,624,1286,190,2.2102741434638786
47529.0,804,1619,133,2.9736747274143256
47529.0,1150,1982,185,1.584143145689364
47529.0,1140,1252,102,2.3222311494975822
47529.0,946,1323,119,1.7461624781203648
47529.0,914,1629,164,2.124733185922418
47529.0,992,1980,124,2.071145653612306
47529.0,560,1611,107,1.769304551616526
47529.0,1394,1853,195,1.783861788339913
47529.0,883,1330,197,2.8405960793640457
47529.0,627,1876,168,1.2287840510523051
47529.0,566,1676,115,2.748340407508969
47529.0,988,1808,100,2.5176129938589464
47530.0,595,1293,181,1.5740552796059608
47530.0,1411,1430,168,2.231375186288215
47530.0,1465,1461,166,1.6668682295755644
47530.0,1449,1815,199,1.3616319826768366
47530.0,1289,1260,141,1.2432769364791323
47530.0,667,1285,129,1.790758722336448
47530.0,523,1993,179,1.1979011971559124
47530.0,862,1225,168,2.675391256946659
47530.0,920,1305,121,1.6221001954877317
47530.0,1444,1747,186,2.445447575628533
47531.0,636,1841,186,2.94674631787925
47531.0,1386,1476,145,2.7040648374340845
47531.0,720,1828,127,1.9827074250303893
47531.0,534,1188,194,2.3189587566065564
47531.0,596,1945,116,1.7849514765364491
47531.0,621,1279,156,2.2046552641071986
47531.0,1340,1091,161,2.5035613694718197
47531.0,1251,1254,113,2.7853894385033096
47532.0,1464,1516,165,2.636762911962118
47532.0,947,1379,142,1.6781205343229335
47532.0,634,1857,112,2.946199811491551
47532.0,1406,1471,150,2.8803631140066592
47532.0,1387,1545,136,1.65270832451793
47532.0,1316,1052,119,2.7318301415970767
47532.0,917,1585,151,1.3236081553076307
47532.0,1410,1954,187,2.2879772250387407
47532.0,1323,1851,113,2.661506727386511
47533.0,801,1735,111,2.2817307626634498
47533.0,969,1795,115,1.1383208459351688
47533.0,559,1624,186,2.896113546047293
47533.0,569,1016,101,1.3657132386487247
47533.0,1455,1905,138,2.692514975156933
47534.0,626,1172,130,1.3589452721572448
47534.0,1470,1311,191,2.821082343282317
47534.0,1457,1618,126,2.473984326110637
47534.0,1009,1689,175,2.7869764346462915
47534.0,1036,1548,184,2.828658439550076
47534.0,520,1187,140,1.245073677037293
47534.0,1227,1322,162,1.0183185812855597
47534.0,1058,1733,106,2.2761637756604354
47534.0,1479,1698,127,2.4436926246154895
47535.0,957,1483,148,1.283459588597539
47535.0,789,1006,171,2.5162062357113855
47535.0,619,1879,107,1.0454210066041012
47535.0,1085,1364,104,2.5477321624992655
47535.0,1058,1145,100,2.5113038569858936
47535.0,1205,1366,164,2.826608468677914
47535.0,719,1716,132,1.961985468193445
47535.0,1435,1774,140,1.905644427185097
47535.0,1365,1771,170,1.3400067654597387
47535.0,648,1835,147,2.5533113420024396
47535.0,1104,1624,147,2.094997394156299
47535.0,1128,1861,133,2.1672340558968157
47535.0,979,1042,174,1.7721369465740187
47535.0,1063,1993,143,1.2056053072757924
47536.0,1047,1970,100,2.0353343465107114
47536.0,1225,1719,124,1.6602642480539405
47536.0,1248,1258,193,2.5414753154039014
47536.0,749,1984,171,2.3453513315359844
47536.0,1183,1944,194,1.5465149715827522
47536.0,1000,1657,168,2.905918649637615
47536.0,1286,1833,104,1.874279929982759
47536.0,1292,1411,100,1.0165864659379473
47536.0,747,1682,153,1.2011452786187897
47537.0,1122,1168,152,1.4773094009444632
47537.0,640,1600,126,2.2417258081911813
47537.0,1009,1248,156,2.3347479488916605
47537.0,929,1832,179,1.8047507542765129
47537.0,959,1901,120,2.9844248241330025
47537.0,1373,1466,111,1.5847812930560787
47537.0,1436,1722,153,1.9743045984098924
47537.0,630,1067,138,2.2385722003857484
47538.0,780,1959,109,2.5837257319358393
47538.0,826,1988,146,1.6280116628863242
47538.0,590,1314,198,2.716303242570189
47538.0,1060,1114,158,1.8142369954871447
47538.0,973,1661,100,2.727762009151936
47538.0,869,1300,185,1.4893010914969618
47538.0,806,1439,181,2.6224131448250922
47538.0,1219,1930,109,1.2769854745729217
47539.0,949,1001,196,1.631007616823913
47539.0,1040,1412,136,1.5663969730313672
47539.0,756,1730,189,1.951427588120741
47539.0,568,1032,144,1.0223978931766788
47539.0,1256,1733,157,2.2139447795832723
47539.0,1284,1735,183,1.8451545897566282
47539.0,1191,1090,169,1.534105144999778
47539.0,992,1581,132,2.3133682117813814
47539.0,836,1793,182,1.1312217665634927
47540.0,1356,1712,182,1.3387530281506483
47540.0,1399,1931,115,1.9785536303164915
47540.0,1355,1429,131,1.7623918192640273
47540.0,831,1720,151,2.3702001220869455
47540.0,1308,1935,162,2.1346996403837126
47540.0,671,1623,128,2.1636852330690717
47540.0,758,1746,110,2.088052608821328
47540.0,1209,1455,121,1.2425947053168647
47540.0,1166,1224,182,1.8668939496739365
47540.0,1387,1661,124,1.3027573654397342
47541.0,519,1388,179,2.3462950408885703
47541.0,689,1729,154,1.6920046563958069
47541.0,902,1519,190,2.1970323735520267
47541.0,954,1461,165,1.5073787087343415
47541.0,823,1109,160,2.03309717294612
47541.0,751,1709,163,2.819928303435873
47541.0,999,1058,108,2.212956516065134
47542.0,1114,1999,179,2.632740893724656
47542.0,770,1852,165,1.5575793028899378
47542.0,700,1073,166,1.9171843909362392
47542.0,1237,1832,156,2.951461498436568
47542.0,731,1257,134,1.7860587514329722
47542.0,1202,1599,177,1.6002586649458175
47543.0,610,1569,137,1.68066448101513
47543.0,781,1644,167,2.113815341212259
47543.0,1432,1282,144,2.603033503056978
47543.0,751,1300,105,2.068009632743526
47543.0,1009,1861,122,2.053142171932205
47543.0,1200,1195,164,1.3802122828704686
47543.0,568,1575,131,1.4908376353817592
47543.0,780,1684,126,1.4788881238464828
47543.0,1267,1227,136,2.238395935477337
47543.0,595,1758,156,1.359468591193663
47543.0,1020,1972,125,2.57103209589544
47544.0,1029,1994,155,2.681112994931572
47544.0,612,1642,190,2.085301237443814
47544.0,670,1545,162,1.6695558426784438
47544.0,844,1912,121,1.8855825566461597
47545.0,1281,1491,111,1.725556686991654
47545.0,1152,1126,121,2.832426914202054
47545.0,1450,1189,155,1.0065878974082272
47545.0,507,1865,186,1.5535067362574864
47545.0,1113,1278,148,1.076680260979755
47545.0,1268,1087,116,2.552852807221064
47545.0,1068,1042,138,2.365586143439094
47545.0,988,1155,162,2.117037482342992
47545.0,593,1978,172,2.3204309267913557
47545.0,1423,1757,157,1.5480421351200004
47546.0,1347,1135,163,1.3499237603384013
47546.0,1259,1774,188,2.150921982162602
47546.0,1199,1070,130,1.9310232813228712
47546.0,680,1431,155,1.3530344814965636
47546.0,1291,1132,123,2.556919524383649
47546.0,594,1183,102,2.6966139777047076
47546.0,1433,1086,123,2.1252587028206475
47546.0,1292,1480,159,1.4137413534070866
47547.0,1264,1348,183,1.9650932881016956
47547.0,772,1246,129,1.9706339068944299
47547.0,776,1196,123,1.004555133777113
47547.0,1159,1824,134,2.3675695823393914
47547.0,1143,1901,117,2.875864884368343
47547.0,809,1664,195,2.5193933538563638
47547.0,1232,1587,180,2.604875472974646
47547.0,617,1808,142,1.1941066646913974
47547.0,952,1259,152,2.2235957458052367
47547.0,1279,1649,193,1.2863736765015883
47547.0,1235,1580,144,1.7037901884662163
47548.0,571,1169,148,1.2463058709973465
47548.0,967,1169,170,2.920527591689137
47548.0,1466,1510,134,1.6412099992481313
47548.0,800,1747,151,1.0573362484618114
47548.0,618,1273,180,2.327317110299324
47548.0,832,1676,156,2.113623688149027
47548.0,1287,1007,140,2.468296433232217
47548.0,621,1043,182,1.8055533535104134
47548.0,996,1951,173,1.784744942724242
47548.0,1135,1696,180,1.6850243747162015
47548.0,921,1267,182,1.2010019681572244
47548.0,1361,1886,106,2.6734355423268603
47549.0,725,1023,181,2.83336873205262
47549.0,708,1041,171,1.6387285692886882
47549.0,1187,1940,125,1.8593223528089806
47549.0,791,1532,108,1.5856656522733963
47549.0,1008,1328,169,2.3316270677745625
47549.0,1276,1452,113,2.247485005736805
47549.0,1240,1745,195,1.9815516352469436
47549.0,1151,1218,179,2.1303980643208624
47549.0,1028,1236,156,2.7036061015502764
47549.0,1455,1820,191,1.1221295303534427
47549.0,598,1307,129,2.1995587792670075
47549.0,923,1084,188,2.76464718481819
47550.0,544,1536,150,1.5031633435852545
47550.0,1259,1055,135,1.288579341960185
47550.0,854,1563,138,1.3005430395818898
47550.0,1248,1367,172,1.0952105810361108
47550.0,559,1472,154,2.7674424075300674
47550.0,1077,1121,156,1.1875896362799767
47550.0,1267,1312,179,2.0421217405284704
47551.0,564,1066,119,2.2972526212467903
47551.0,582,1411,197,1.4957377782192383
47551.0,568,1394,106,1.8942248405746465
47551.0,892,1089,123,1.0865395886066476
47552.0,1244,1107,103,1.7243933478724163
47552.0,1225,1326,166,2.2729640335089116
47552.0,1030,1662,173,1.173778594775236
47552.0,630,1598,106,2.9427494024505085
47552.0,1451,1033,149,2.693736748369864
47552.0,853,1550,192,1.0662787147898343
47553.0,818,1289,163,2.5829569809653297
47553.0,821,1429,135,2.842322753484271
47553.0,865,1232,179,2.4625894464920113
47553.0,1355,1167,119,1.0613074152540436
47553.0,1305,1823,147,1.9071363353467323
47553.0,593,1888,122,1.2920856269456558
47553.0,1356,1398,112,2.695978662461986
47554.0,733,1135,159,1.81353749888161
47554.0,801,1494,133,1.588423940068074
47554.0,989,1699,194,1.975366612276835
47554.0,802,1641,119,1.1861756428700079
47554.0,1471,1158,107,2.4555962707226078
47554.0,628,1481,130,1.9018595628391386
47554.0,520,1943,124,1.2496509436654037
47554.0,689,1422,125,2.031638977894298
47554.0,1095,1093,193,2.7367106232635434
47555.0,1123,1761,169,2.2297158591643993
47555.0,525,1858,106,2.633679763494998
47555.0,963,1970,113,2.2885144998296525
47555.0,1303,1722,144,2.786581301586798
47555.0,1017,1494,106,1.695076876857941
47555.0,1101,1718,101,1.5295098264566325
47555.0,1028,1482,113,1.6777777883453493
47555.0,773,1009,115,1.0344970441053845
47555.0,1115,1832,150,1.3812239600587026
47555.0,1325,1498,120,2.573766213124491
47555.0,1208,1234,153,1.940892102840974
47556.0,1321,1945,124,2.665973692370322
47556.0,1482,1598,140,2.2446133635379013
47556.0,1357,1237,174,1.1714060851104344
47556.0,1187,1733,144,1.275171690615324
47556.0,1185,1407,144,2.8290957402307817
47556.0,745,1364,119,1.9770496062145726
47557.0,958,1927,153,1.044107473973721
47557.0,1125,1379,117,1.1611146026299264
47557.0,1330,1209,112,2.8262309733843667
47557.0,1481,1219,142,2.6850970660087694
47557.0,1072,1892,159,1.3058364730539613
47557.0,1085,1677,179,1.8232581911032486
47557.0,550,1753,124,1.1559996340625436
47557.0,690,1134,194,2.0075346123098248
47557.0,1396,1976,153,1.0512273053067114
47557.0,809,1720,103,2.5983112557482793
47557.0,604,1175,153,1.0793979042276673
47558.0,1329,1486,143,1.6495057374766928
47558.0,962,1740,142,2.3498589722566106
47558.0,706,1884,169,2.4983274695061315
47558.0,1276,1767,198,2.804602800040119
47558.0,878,1918,103,2.7832401321911835
47558.0,1268,1292,102,1.6288757671671537
47559.0,775,1159,103,1.7631350218679354
47559.0,823,1088,143,1.2499760772607738
47559.0,906,1688,126,1.5802939337872512
47559.0,1257,1046,185,2.911365819381686
47559.0,592,1007,147,1.4593647787074475
47559.0,1379,1623,171,2.139795932937396
47559.0,1224,1853,170,2.4950088109519815
47559.0,1484,1836,148,2.7790459665407248
47559.0,945,1953,137,1.985551863573527
47559.0,896,1533,120,1.0622844547123278
47560.0,840,1623,128,2.760022462717686
47560.0,543,1258,152,1.090506936379742
47560.0,785,1778,118,2.7257510667365734
47560.0,1092,1579,121,1.2574830359978333
47560.0,1054,1103,146,2.089563133587629
47560.0,702,1050,128,1.2335792783154373
47560.0,1339,1041,105,2.691539765424044
47560.0,1274,1350,119,2.2344217680438856
47560.0,1082,1708,110,1.8159572096614418
47560.0,946,1299,189,2.8134814016187994
47560.0,872,1022,151,1.559954789015277
47560.0,1044,1843,124,2.5008438974069382
47561.0,1471,1229,199,1.6971359527059293
47561.0,1140,1493,147,2.484519266859597
47561.0,833,1396,197,2.9803558639916647
47561.0,1250,1328,178,1.6078227569283456
47561.0,1128,1521,180,1.898213358985995
47561.0,979,1151,114,2.9189088610061287
47561.0,664,1935,161,1.4717348724642356
47562.0,1331,1437,167,2.5287383840038724
47562.0,1245,1529,185,1.8350093369466078
47562.0,721,1309,181,1.8932032098050506
47562.0,1291,1871,142,2.008337376939469
47563.0,911,1388,123,2.725310454913087
47563.0,1135,1074,127,1.8804949081933733
47563.0,667,1673,107,1.7793395239605063
47563.0,958,1710,190,1.5253394954043273
47563.0,1309,1471,162,1.878878987633173
47563.0,678,1324,151,1.0724996605222892
47563.0,875,1602,141,1.6235608422205374
47563.0,1341,1007,114,1.618674794166578
47563.0,1021,1588,101,1.056458644603731
47564.0,650,1395,154,2.4341834816611962
47564.0,1397,1241,111,1.4165089558496635
47564.0,848,1161,112,2.8748706999610345
47564.0,1064,1019,136,2.5993000633060888
47564.0,809,1561,193,2.1247314198440588
47564.0,892,1317,172,2.7629694502559445
47564.0,1225,1842,154,2.8330902287881026
47564.0,1419,1174,168,1.6533243680585465
47565.0,1016,1660,113,2.6733137340633086
47565.0,1488,1348,188,2.9383971748099444
47565.0,1375,1687,199,2.8096890068849785
47565.0,990,1438,112,1.1095012210419781
47565.0,683,1193,161,1.3963336852301007
47565.0,1488,1675,171,2.04883842008272
47566.0,1218,1373,180,2.2658525783001595
47566.0,582,1089,115,1.3067427338895723
47566.0,1286,1953,133,2.6600320657164476
47566.0,542,1963,170,2.2466357538181314
47566.0,981,1391,120,1.8316810807660795
47566.0,522,1754,140,2.15139794025143
47566.0,733,1592,164,2.9771852685263083
47566.0,1428,1213,130,1.790524486373165
47566.0,560,1088,183,2.867392492420625
47567.0,653,1214,157,2.2900293867401107
47567.0,741,1968,199,1.901397123255873
47567.0,1078,1519,104,1.7087109122961222
47567.0,1483,1517,153,1.516532644924976
47567.0,809,1116,165,2.476373003962111
47567.0,1128,1247,119,2.671124258925339
47567.0,1170,1145,180,2.1472706585133317
47567.0,920,1725,137,1.0749089210221698
47568.0,1461,1513,142,2.0906938418792755
47568.0,1178,1766,176,2.876952673082031
47568.0,1156,1116,116,1.4772125208883606
47568.0,1332,1829,130,2.871350580701536
47568.0,918,1959,137,2.280669756098878
47568.0,1387,1846,164,1.696487051389409
47568.0,957,1494,198,2.2442336358359007
47569.0,1373,1504,114,1.3800492996062759
47569.0,537,1526,133,2.8418715864875845
47569.0,817,1974,149,2.800258489484083
47569.0,1332,1090,139,1.966433645069119
47569.0,1059,1286,146,2.567486436533525
47569.0,849,1493,154,2.0210903838151753
47569.0,914,1478,110,2.546368991721578
47569.0,995,1824,184,2.5183168354517793
47569.0,760,1061,110,2.691071824856292
47569.0,1038,1702,123,2.5026786434237964
47569.0,1104,1087,157,2.215015919185346
47569.0,1195,1359,196,2.715715208092891
47570.0,1459,1340,112,2.041602434409019
47570.0,1144,1255,169,1.5025020394510924
47570.0,1080,1584,176,1.0332025431172702
47570.0,1076,1309,146,2.69061816336107
47570.0,1403,1934,154,1.2345908868006414
47570.0,522,1231,122,2.2630081574144363
47570.0,1206,1681,181,1.183731090979409
47570.0,1383,1914,198,1.0140618291882617
47570.0,968,1888,142,1.7035796462580894
47570.0,1426,1264,190,1.9307007183742517
47570.0,762,1418,196,2.5928386846771265
47570.0,666,1233,104,1.8200831236196975
47570.0,1062,1005,130,1.5425287534975418
47570.0,1045,1875,178,1.5241580733951037
47571.0,598,1198,130,2.5593054785272895
47571.0,668,1505,169,1.6522795466662044
47571.0,860,1219,169,2.4608993273681508
47571.0,629,1602,117,2.201566966591885
47571.0,547,1828,127,2.7260187179240223
47571.0,899,1310,136,1.416711512128581
47571.0,1186,1802,120,1.7442480276640973
47571.0,793,1286,124,1.4971826647114437
47572.0,573,1385,161,2.969153092007581
47572.0,921,1497,177,1.708928768078367
47572.0,593,1729,198,2.808815035286172
47572.0,1204,1609,197,1.3420174210225235
47572.0,1385,1396,116,1.6275141907477877
47572.0,895,1039,168,2.9857439769117886
47572.0,573,1209,148,2.0100682014672495
47573.0,678,1513,161,2.6344359876439936
47573.0,1006,1938,175,2.253538574725031
47573.0,1397,1599,186,1.94951118098213
47573.0,1208,1734,133,2.0458547240878393
47573.0,1198,1485,183,2.4136556919869827
47574.0,942,1245,122,2.0489659368022908
47574.0,1191,1446,162,2.8032782025137863
47574.0,678,1406,152,2.1970026587193856
47574.0,1073,1315,121,2.299369891038216
47574.0,662,1658,123,2.2801936542850054
47574.0,871,1842,196,2.3105265118898046
47574.0,1144,1259,141,2.1597493237259733
47574.0,989,1765,126,1.7512821218508887
47574.0,927,1972,160,2.2865162012377374
47574.0,1326,1467,172,2.0814451465565806
47574.0,1329,1561,198,1.160335469063667
47575.0,1239,1207,137,1.7528410964324959
47575.0,1293,1960,195,1.3942008693426817
47575.0,1022,1958,147,2.3138456675347125
47575.0,1054,1423,195,1.307391735697646
47575.0,1097,1153,130,1.1939180133937655
47575.0,962,1698,134,1.3050383348543542
47575.0,850,1756,132,1.044181998251947
47575.0,1326,1148,149,2.6250202977346957
47576.0,1135,1067,164,2.0675891268231745
47576.0,1096,1834,187,1.0357963403029002
47576.0,987,1472,127,1.096277713151591
47576.0,1031,1631,167,1.0951826228761232
47576.0,1357,1194,160,2.359166056200405
47576.0,1415,1019,127,1.394760080356113
47576.0,775,1946,151,2.304498399552994
47576.0,648,1360,112,2.662515599172927
47576.0,818,1852,191,1.7593221447697662
47576.0,1212,1647,190,1.6002297265029002
47576.0,634,1615,109,1.8822888628104648
47577.0,1165,1935,106,2.7494733518120675
47577.0,1413,1635,119,1.1713504563731674
47577.0,687,1567,194,1.4864436485792758
47577.0,744,1704,161,1.2105010934198384
47577.0,1093,1206,103,1.059597459024562
47577.0,693,1628,168,2.6954542536699284
47577.0,724,1527,187,1.434306734502765
47577.0,1457,1675,176,1.7654511113988784
47577.0,1333,1348,137,2.0933900377287973
47578.0,766,1585,131,2.991912404887069
47578.0,844,1612,119,2.6042068456323504
47578.0,713,1978,142,2.30297013379812
47578.0,1395,1451,176,2.546935833015441
47578.0,938,1548,107,1.9374211587507248
47578.0,1453,1025,133,2.1240816792429094
47578.0,1322,1224,154,2.3603750398653855
47579.0,692,1405,148,2.9798749426797126
47579.0,503,1304,123,1.163418487963714
47579.0,763,1892,152,2.761603775375643
47579.0,595,1994,127,2.9269797155356425
47579.0,582,1794,162,2.6540280765305133
47579.0,548,1638,170,2.93789064743346
47579.0,613,1693,159,1.7463331911797648
47579.0,1146,1888,187,1.3258476855558887
47579.0,1424,1915,183,1.1948349290778948
47579.0,1393,1970,179,2.0617392630272953
47580.0,1032,1612,184,1.9526699263011347
47580.0,828,1071,130,1.0759692576761526
47580.0,1040,1543,150,2.0051904390148256
47580.0,1213,1191,119,1.6883486985979723
47580.0,852,1705,141,1.11984782063242
47580.0,1389,1782,193,1.9715466782086588
47580.0,817,1604,170,2.523849270055957
47580.0,1412,1212,108,1.9247387575077204
47580.0,1341,1128,196,2.6542679937462084
47580.0,772,1437,151,2.234224553183707
47581.0,1305,1151,156,2.853524758510031
47581.0,578,1602,160,2.319598196132352
47581.0,1385,1996,124,1.0708863531686383
47581.0,859,1744,189,2.0150849916691516
47581.0,907,1130,178,1.1445542684864463
47581.0,1031,1916,162,1.145580375083012
47581.0,1352,1186,135,2.438309857336124
47582.0,1492,1550,150,2.8710388818297092
47582.0,938,1802,137,1.3978584773184575
47582.0,922,1327,186,2.4907739199161023
47582.0,1014,1205,126,2.082191172611629
47582.0,1262,1592,157,1.2498359587378542
47582.0,1313,1962,101,2.2340381716723217
47582.0,1292,1051,169,2.6799994226413184
47582.0,1228,1073,149,1.135102561662986
47582.0,595,1196,179,1.0292271095934167
47582.0,1409,1540,199,1.7367991495598203
47582.0,807,1153,193,1.7488660420009006
47583.0,718,1638,179,2.525023145738351
47583.0,1447,1586,177,1.3474624624701441
47583.0,816,1277,146,2.483030341585061
47583.0,604,1017,179,1.786845701136446
47583.0,608,1323,193,2.555284896524672
47583.0,1472,1217,102,1.3318882840966322
47583.0,645,1259,145,2.0793576467771198
47583.0,542,1159,126,1.740234562362728
47584.0,764,1995,143,2.6521050890312923
47584.0,1126,1358,157,2.7880547927703865
47584.0,1494,1263,134,2.0781995590911464
47584.0,1163,1514,109,2.6653347459790853
47584.0,1311,1417,161,2.540144227864882
47584.0,571,1707,141,1.7496835882406443
47584.0,864,1634,114,2.2071591308272587
47584.0,1455,1935,172,1.5855566639874379
47584.0,1322,1013,119,1.9041403501306073
47584.0,1369,1647,125,1.6119002260207183
47584.0,592,1594,166,2.2625217498456105
47585.0,1304,1401,186,2.068333618935771
47585.0,788,1242,193,2.9594143868432408
47585.0,1374,1494,161,1.3970739888924804
47585.0,914,1399,170,1.72809931688711
47585.0,1087,1797,131,1.8713775340851502
47585.0,824,1609,110,1.0282085907437124
47586.0,1394,1996,117,1.7245934671873697
47586.0,1208,1525,101,1.9318546376844905
47586.0,1166,1953,115,2.706771561114676
47586.0,1412,1904,130,1.9171657864686051
47586.0,562,1937,135,1.7150605338494538
47586.0,672,1761,176,2.019619043460673
47586.0,1473,1346,192,2.156087113769626
47586.0,815,1800,110,2.003239740885534
47586.0,946,1167,122,2.816776435213059
47586.0,1374,1857,196,2.398073265482137
47586.0,892,1964,143,2.7490976878871516
47587.0,1059,1896,194,1.0775593939249106
47587.0,810,1520,172,2.2262804833350742
47587.0,1341,1836,176,1.7100730922876044
47587.0,1417,1615,164,2.0027602428190416
47587.0,730,1307,148,1.570377517100198
47588.0,740,1165,156,2.0972837208778805
47588.0,703,1371,167,2.0781652897139375
47588.0,948,1346,167,2.288710114231193
47588.0,1108,1920,139,1.405624082321826
47588.0,998,1428,156,2.4631934232226858
47589.0,724,1023,194,2.7800786860892117
47589.0,1373,1595,149,1.3625481890788036
47589.0,1312,1267,135,1.3423530104736836
47589.0,1206,1107,195,2.2947178581542453
47589.0,1175,1791,124,2.6851135983465637
47589.0,1262,1153,193,1.951196925072634
47589.0,639,1712,104,1.1833814718363664
47589.0,817,1448,158,2.7528928112913214
47590.0,1071,1366,178,1.610241181167004
47590.0,872,1329,122,2.9410491595201633
47590.0,547,1725,154,2.093803811072746
47590.0,1168,1199,152,1.488150686600505
47590.0,848,1467,159,2.81492817059932
47590.0,1356,1763,176,1.271900958373997
47590.0,658,1688,180,1.700393863762839
47590.0,1075,1251,123,1.9706053709767253
47591.0,859,1503,191,1.5728649725053532
47591.0,1194,1237,148,1.3600533261923897
47591.0,1116,1873,196,2.240832615184031
47591.0,741,1176,174,2.222551452930162
47591.0,803,1048,160,2.848847777145395
47591.0,1081,1617,124,2.0208471594268684
47592.0,770,1464,106,2.963765335719774
47592.0,785,1970,170,1.8779428560061353
47592.0,1157,1818,185,1.7653500219397265
47592.0,1431,1739,132,2.414072081517719
47593.0,781,1600,161,1.849697373067757
47593.0,1168,1814,112,1.881450148386146
47593.0,956,1644,124,1.4317338875906522
47593.0,569,1371,131,2.3642713078287407
47593.0,578,1735,115,2.595501149655308
47593.0,520,1956,152,1.8673958799631325
47594.0,669,1538,181,2.4130066453550754
47594.0,539,1489,111,1.9964747625962584
47594.0,627,1680,175,2.594684407974628
47594.0,965,1470,160,2.45343197744522
47594.0,1087,1822,171,1.5769553267100629
47594.0,525,1390,137,1.1721244257266898
47595.0,1366,1251,119,1.9985090414504147
47595.0,1306,1084,149,2.1277860540072946
47595.0,895,1142,189,1.380854360110377
47595.0,1014,1772,169,2.926318702777942
47595.0,1372,1159,151,1.3263739081802186
47595.0,1200,1548,132,2.7930182382857662
47595.0,1328,1676,137,2.739123536905224
47596.0,1091,1822,148,2.7846319320811364
47596.0,1479,1673,179,2.70189638438189
47596.0,544,1771,107,1.8679639945799025
47596.0,1236,1922,175,1.632230281758789
47596.0,847,1963,133,2.839046556717972
47597.0,1425,1705,155,1.771635641021565
47597.0,1360,1630,189,2.0352520641889704
47597.0,1074,1223,113,1.0866519659570926
47597.0,939,1686,105,2.413911396834182
47597.0,1093,1419,103,1.3720751239600044
47597.0,879,1546,151,1.785497601594752
47597.0,802,1871,169,1.2644605250217529
47598.0,1390,1610,198,2.847118383126749
47598.0,1454,1321,152,2.924036069894128
47598.0,684,1457,103,2.395952335373622
47598.0,1462,1681,173,1.1785620339611398
47598.0,1333,1597,153,2.960568693962725
47598.0,1445,1707,103,2.8099067587969895
47598.0,975,1773,183,1.9297932068443715
47598.0,1389,1955,179,2.8063377544713406
47598.0,1139,1573,186,1.8177013293610595
47599.0,1291,1845,116,2.2729920359596347
47599.0,672,1509,180,1.865600419557419
47599.0,505,1406,129,1.2889773855428917
47599.0,1222,1044,129,2.809851041701826
47599.0,634,1354,180,1.408203425537897
47599.0,1381,1784,111,2.8033567293900026
47600.0,1394,1167,156,2.2497374777847368
47600.0,1037,1469,190,1.8969712533327525
47600.0,1445,1954,103,1.835584074404078
47600.0,791,1027,180,2.809355200587245
47601.0,1300,1824,159,2.3088994305716004
47601.0,970,1474,158,2.2446353955971805
47601.0,1062,1387,149,1.6098583486827291
47601.0,563,1816,158,2.1741842550446417
47602.0,1282,1268,175,2.9078313065039336
47602.0,1091,1786,178,2.5349710646162267
47602.0,533,1601,105,2.834232781024927
47602.0,1093,1662,141,2.3275403219162323
47602.0,1163,1784,158,2.5619678521351927
47602.0,1083,1442,163,1.3487369669261233
47603.0,1237,1473,100,2.1961239263390793
47603.0,1252,1281,182,2.9289591360514584
47603.0,913,1277,176,1.774853052674371
47603.0,700,1645,130,1.5447636984785023
47603.0,1161,1026,181,1.6043495604816906
47603.0,640,1170,107,2.6946306000149454
47604.0,1488,1873,137,2.912260594230794
47604.0,986,1119,187,2.395646412115532
47604.0,1027,1829,134,2.2988295320315215
47604.0,956,1483,190,1.7047771564187992
47604.0,1036,1378,108,1.664342920437769
47604.0,602,1864,165,2.7896435947433007
47604.0,1238,1407,105,1.1810046464267911
47604.0,640,1682,184,1.0482263988695286
47604.0,1070,1009,128,2.368006670497823
47605.0,1198,1326,184,2.070332836818101
47605.0,556,1851,111,2.0943690131624573
47605.0,969,1700,193,1.7831230352827245
47605.0,1152,1034,130,1.1705324296523951
47606.0,921,1745,103,1.2818553094811511
47606.0,770,1391,151,2.0646300790439938
47606.0,610,1885,199,2.3482205101022773
47606.0,1091,1755,178,2.8010447535902387
47606.0,1259,1835,109,2.0638373643794976
47606.0,700,1422,190,1.8059464483358598
47607.0,1052,1428,192,1.1587301228140068
47607.0,1308,1164,169,2.0315918508513002
47607.0,926,1978,141,1.8828273622998513
47608.0,746,1807,161,2.6257354159216897
47608.0,905,1693,142,2.314715485379936
47608.0,778,1316,133,2.384946103082112
47608.0,1466,1295,188,1.4226691525910422
47609.0,1144,1901,121,1.0818017944053457
47609.0,633,1989,181,2.342179680999908
47609.0,629,1218,187,2.5659428310970283
47609.0,1423,1026,151,1.2539682757575543
47609.0,910,1633,122,2.5242425393411745
47609.0,784,1473,176,1.1793549316324952
47610.0,1401,1578,174,1.4760009904652904
47610.0,1379,1117,119,2.739625913844898
47610.0,919,1300,162,2.1250261247214097
47610.0,1133,1628,132,2.6221521108945414
47611.0,925,1583,101,2.9222284019892246
47611.0,1294,1904,129,2.2379347740173365
47612.0,1309,1950,172,2.4051816936367163
47612.0,1065,1704,158,1.8208106936447521
47612.0,540,1764,141,2.2108683700732428
47612.0,627,1677,179,2.917277726699663
47613.0,1147,1409,198,2.518720659292283
47613.0,883,1950,151,1.0913646159858303
47613.0,684,1970,129,1.1900936991200397
47613.0,906,1545,133,1.2817424021730426
47613.0,925,1805,126,2.201024110705034
47613.0,842,1072,162,2.1043029622992275
47613.0,523,1618,123,2.5032381369398746
47614.0,1129,1551,107,2.228500471810465
47614.0,1346,1748,167,1.6513625246510453
47614.0,1272,1701,188,2.7385158637855325
47615.0,976,1284,131,1.9847977385825766
47615.0,976,1619,150,2.1999356048675924
47615.0,800,1473,163,2.6150002747363352
47615.0,1101,1555,107,2.3948758601949125
47615.0,844,1531,153,1.7060817852011962
47616.0,931,1818,142,1.9735932175199975
47616.0,975,1219,175,2.2181005509479776
47617.0,713,1071,175,2.077687570872102
47617.0,772,1093,164,1.0533394607058049
47617.0,1146,1416,197,1.0223778635231695
47617.0,1323,1382,114,1.207220366331365
47617.0,1190,1185,171,1.1887392187323755
47618.0,620,1560,115,2.751913126743416
47618.0,891,1840,104,1.7095523122031662
47618.0,714,1067,143,2.0895016288537924
47618.0,1486,1964,119,1.390327939345449
47618.0,1454,1473,171,2.9348384735572655
47618.0,991,1987,158,1.64360706328097
47618.0,580,1913,150,2.755045775680102
47618.0,789,1897,139,2.8558526929409886
47619.0,1435,1959,135,2.5565600537098705
47619.0,1405,1806,181,2.3819314257087183
47620.0,708,1124,182,1.231620033045735
47620.0,1326,1900,144,2.573425065140482
47620.0,1393,1006,168,1.7505919303292945
47622.0,1402,1203,166,1.7594604393537945
47622.0,868,1048,142,2.913340712658059
47622.0,976,1213,162,2.595390950775448
47623.0,525,1547,164,2.714786281719848
47623.0,659,1357,147,1.7155380270619476
47624.0,840,1177,190,2.4686200669304146
47624.0,1407,1095,180,2.62079723077249
47625.0,1299,1373,182,1.67029289845667
47625.0,892,1044,113,2.5199551137406075
47625.0,1014,1676,134,2.823175418966634
47626.0,1386,1146,101,2.2973811700881304
47626.0,1147,1002,128,2.13932456568192
47627.0,827,1810,187,2.7962255693869067
47627.0,1383,1755,147,1.4500366286502282
47627.0,1479,1192,105,2.014776168814593
47627.0,610,1492,128,2.073009738555757
47627.0,1479,1307,146,2.0249556713394607
47628.0,516,1920,163,2.300632552910789
47628.0,884,1992,163,2.2194962631434336
47629.0,610,1629,180,2.6348071103323867
47629.0,1127,1774,172,2.441451472790998
47629.0,842,1614,132,1.3130212412327205
47630.0,812,1038,164,1.4376884460593697
47630.0,560,1883,199,1.3967565582345327
47631.0,1046,1890,143,1.8726190098862505
47631.0,792,1729,112,1.584763881874983
47632.0,959,1053,106,2.4863087306048
47632.0,904,1173,156,2.1515112053366714
47633.0,1058,1425,121,2.467589782075957
47633.0,1478,1639,132,1.9258238526707516
47634.0,1290,1825,172,2.81088471752645
47634.0,584,1950,159,2.8514877778442136
47634.0,1054,1818,179,1.6783234892359233
47634.0,944,1875,199,2.9608900860245266
47634.0,1419,1944,180,1.913212530350408
47635.0,1257,1110,137,2.6336298228175608
47635.0,1310,1301,170,1.2417605755088321
47635.0,729,1971,102,1.3752680991580537
47635.0,643,1213,191,1.8805546215211417
47635.0,1160,1237,103,1.1309181152624155
47635.0,857,1846,190,2.1887390662900152
47635.0,930,1770,168,1.8308272071501372
47636.0,704,1043,165,2.323392404859521
47637.0,1280,1903,112,2.216617090950405
47637.0,674,1719,148,2.815280223670487
47638.0,733,1831,189,1.6905253356051049
47639.0,1256,1563,127,2.0299473495518168
47640.0,849,1409,189,1.019386319274562
47642.0,1323,1037,139,1.141819317243298
47642.0,1238,1063,154,2.345936767139057
47642.0,622,1836,140,1.7431410743463034
47642.0,1407,1160,113,2.8183616449174838
47642.0,634,1959,115,1.7187996575718514
47642.0,1333,1744,104,2.4791992561355918
47643.0,1247,1167,112,2.5252275068153685
47643.0,714,1262,102,1.9192057321300593
47644.0,973,1434,198,2.729396411352012
47644.0,768,1118,120,1.0898943369073453
47647.0,857,1760,147,1.3864855878626108
47647.0,1153,1868,151,2.4164614975741348
47647.0,574,1067,173,2.109727642354907
47649.0,1274,1293,169,1.8041948606802718
47649.0,1499,1335,125,2.0495392546878692
47652.0,910,1531,125,2.146274795033564
47655.0,879,1413,139,1.1143718006997851
47655.0,1070,1135,102,2.4779210248781265
47656.0,861,1343,196,2.6253321401227274
47658.0,1447,1072,122,1.1691495735848976
47661.0,726,1988,155,1.1931323117166888
47661.0,933,1878,154,2.586218628390329
47663.0,871,1892,151,1.898731380086961
47664.0,900,1445,145,1.2281284571654771
47669.0,992,1024,117,2.0149154348059137
47671.0,647,1872,136,1.050085244638951
47673.0,1001,1606,142,2.432852117503563
47677.0,947,1839,168,1.8751580158020908
47677.0,1096,1558,166,2.2300222527686513
47679.0,1000,1980,149,2.1542022256857827
47679.0,843,1404,119,1.94648572074315
47680.0,820,1275,134,2.7935923187496616
47683.0,816,1109,130,1.4949458614492361
47684.0,837,1941,151,2.5731462405965315
47685.0,1458,1587,196,2.7425667302411636
47694.0,1211,1962,176,1.282321074996393
47699.0,1496,1741,168,1.5140474720335533
47699.0,1405,1179,148,1.3224182232685489
47699.0,1351,1479,166,1.4737287189865778
