1200,846,1144,188,1.9648754708724767
1200,880,1845,158,2.8352720798638997
1200,1353,1659,146,2.0914115781217424
1201,1249,1240,139,1.9576733376914284
1201,849,1577,199,2.73393813860916
1201,840,1283,179,2.6815835949563063
1201,504,1775,194,2.9252162545501452
1201,973,1653,161,1.1899073401510691
1201,1217,1076,163,2.8645100094583764
1201,812,1036,138,1.1679607227904079
1201,607,1113,111,1.8415888894780437
1202,1276,1402,139,2.209232431425855
1202,1289,1089,104,1.0511267161364983
1202,1356,1205,159,2.2709490642513823
1202,591,1089,154,1.324442145413298
1202,951,1044,160,2.815158700861896
1202,773,1660,186,1.8084073220075991
1203,1355,1057,124,2.4983169301633836
1203,1448,1210,120,2.917205413551865
1203,1021,1373,129,2.0911714258973646
1203,727,1101,106,2.497670646133371
1203,533,1111,161,2.7809751983572615
1203,950,1755,111,2.217564922311723
1204,1311,1952,172,2.461054057070583
1204,1341,1909,168,1.4165856498868146
1204,1124,1604,123,2.062682291799943
1204,1339,1803,179,1.1891708093933924
1204,618,1845,189,1.7124359324339642
1205,623,1654,196,1.0495242430146412
1205,1108,1413,111,2.126081749963764
1205,1103,1150,125,1.9008747290661043
1205,703,1939,158,2.537561693841151
1205,831,1834,175,1.7394208618664975
1205,1262,1809,166,2.6511670373027636
1205,1168,1925,165,2.6755611426330344
1206,820,1308,133,1.880791165760749
1206,1400,1963,186,2.233435167007425
1206,901,1404,188,1.003640389743088
1206,1375,1553,139,2.8721237976585643
1206,1081,1645,120,1.828754399720642
1207,618,1170,170,2.8964795797868192
1207,1138,1734,160,1.1949954412990227
1207,500,1262,143,2.447065189712106
1208,1161,1101,188,1.7294037360697025
1208,1091,1186,120,2.6084350597593744
1208,763,1441,120,1.6982643121823011
1209,1353,1519,165,2.446671540625612
1209,958,1608,146,2.3533355651090426
1209,1060,1143,194,1.4448849850497454
1209,729,1032,160,1.2811704292685606
1209,1248,1617,187,2.129271924952914
1209,1214,1272,150,2.316087119639217
1210,1026,1736,195,2.392982410568859
1210,1267,1531,108,2.9904661474944745
1211,923,1444,128,1.0122837880151248
1211,944,1199,133,2.096270268692482
1211,871,1147,164,1.3632441071006922
1211,1074,1662,136,1.7557231741022892
1211,641,1217,104,1.1053921658787598
1211,1090,1183,174,2.71510781020387
1211,1083,1317,171,1.6937934443881564
1212,1306,1110,184,1.0453891165010092
1212,637,1044,114,1.7540557752570551
1212,1112,1252,167,1.153812596392765
1212,1143,1713,159,1.2679576466784896
1212,1130,1810,120,1.3661460864481951
1212,644,1110,114,2.5391818551665484
1212,744,1676,102,2.1500661319991847
1212,1255,1325,160,1.8290841421885096
1213,1177,1407,113,2.6967844698204066
1213,954,1049,158,2.9662288642455357
1213,831,1124,150,1.6682301529411314
1213,772,1423,146,1.2315333158936121
1213,627,1692,158,2.1682999522842596
1214,826,1197,181,2.436685771819711
1214,738,1002,112,2.582344558280002
1214,1301,1510,138,2.915098458554855
1214,720,1183,148,2.2381552413434536
1215,623,1037,153,1.0018945094260556
1215,660,1129,110,2.84345262274804
1215,1062,1008,112,1.3036530365111765
1215,1126,1028,157,1.921351365690549
1215,518,1801,165,1.45317511509853
1215,1330,1600,101,1.6827992613300455
1215,1029,1655,129,2.680244555440247
1215,1172,1089,177,2.388358966910424
1215,1351,1808,130,2.2858253862379465
1215,788,1150,138,2.812898323528046
1216,1100,1063,124,1.5552315220603783
1216,769,1724,187,2.0449142949561336
1216,1249,1993,112,1.7443567771998272
1216,977,1543,170,1.8591648815950508
1216,1201,1436,116,1.7238402744620835
1216,1430,1944,137,2.569860092438719
1216,588,1639,182,1.1340319786591868
1216,1398,1022,151,2.4211485700328983
1216,1279,1575,194,1.5286306745827636
1217,968,1806,103,1.0626146942003407
1217,1169,1593,137,2.5962083131998797
1217,1031,1524,186,1.4902697506376048
1217,1175,1014,157,2.10046675780165
1217,695,1926,107,1.7235595175613205
1217,1253,1348,157,2.6652566341074593
1217,694,1510,138,1.1404572990379274
1217,783,1481,114,1.8707438035043735
1217,1401,1242,177,2.114284997682023
1218,710,1873,180,2.9267115855441315
1218,995,1200,183,1.4499173454628829
1218,656,1379,197,1.1886049917649715
1218,658,1745,136,1.7858855800892646
1218,1254,1875,147,1.3567184280073241
1218,1409,1510,138,1.0331489760446901
1219,611,1344,186,2.1653867013754406
1219,834,1416,141,2.079574919829697
1219,850,1204,197,2.294487630591782
1219,845,1522,168,1.4775528491129863
1219,1439,1281,112,1.5870669294958606
1219,1222,1767,194,2.631519083999742
1219,828,1713,158,1.0544560015625857
1220,678,1836,148,1.979882769221215
1220,1212,1216,101,1.4489109288044046
1220,881,1711,175,1.2470325665694773
1220,890,1452,161,1.2062866665177274
1220,1016,1966,108,1.8834816739762381
1220,1131,1072,186,2.5328995419419043
1220,1254,1054,112,1.2476592995150408
1220,813,1315,180,2.625857169209394
1221,1132,1736,114,1.6858438350050753
1221,1223,1997,145,2.4525879744637566
1221,1058,1468,102,1.8387454324560981
1221,1201,1485,148,2.8879010718074687
1221,975,1510,140,2.302786875299481
1221,609,1109,170,2.2170456571524415
1222,1409,1539,156,1.729427553370814
1222,1019,1651,171,2.617263016548258
1223,751,1770,100,1.2629547180511802
1223,908,1730,121,1.5228008179500003
1223,675,1048,105,2.6863387544344115
1223,1119,1485,149,2.2175144208162725
1223,859,1127,171,1.0440164849373927
1224,925,1102,131,1.5651748945217399
1224,644,1258,120,2.207292280636066
1224,795,1707,129,1.976950625607121
1225,545,1709,126,2.2306020850814203
1225,619,1948,132,1.3861277432663257
1225,536,1849,139,1.3231802367296743
1225,1354,1628,188,2.2152044345762403
1225,1495,1634,162,2.931107947712163
1225,1014,1057,151,2.968976318127428
1225,1359,1956,157,1.090720756868235
1226,991,1809,123,1.6222552822149823
1226,774,1427,132,2.2498453248210675
1226,1004,1653,183,2.1722344342932214
1226,594,1125,120,1.7139905223651553
1226,1109,1627,124,1.292436420536912
1227,1296,1623,120,1.6961945726567345
1227,1187,1864,176,1.4843804985268363
1227,692,1736,186,1.97672007539881
1227,926,1029,193,2.88285453454725
1228,906,1403,107,2.9074197202259273
1228,791,1128,152,2.8249382444365416
1228,1055,1713,154,2.6814647844942843
1229,1250,1714,178,2.07656385736092
1229,850,1060,174,2.3378142116151337
1229,1406,1688,105,1.0811437307696412
1229,1481,1765,130,1.2434736549850571
1229,1272,1426,114,1.5284761334013923
1229,722,1599,145,2.3283229532327256
1230,844,1666,129,2.8767961483806035
1230,559,1074,108,2.668326344115146
1230,1435,1721,139,2.712620630483953
1230,572,1257,151,1.335390090978941
1231,923,1470,165,2.8149256670359826
1231,1017,1957,185,1.534920700461113
1231,980,1483,192,1.4269962918875014
1231,1418,1674,165,2.3267698028472843
1231,1147,1443,193,1.6208547316224151
1231,1181,1763,122,2.560607908401294
1232,935,1086,106,1.1841223399536234
1232,1361,1899,110,2.923151126959619
1232,510,1899,161,2.449867441291632
1232,1447,1662,186,2.390957037289969
1232,1472,1701,151,1.904543482231233
1232,574,1082,117,2.6560886837983464
1233,548,1475,147,1.1470891538839973
1233,531,1422,185,1.4412666192666213
1234,677,1253,109,1.524069710702413
1234,747,1909,132,1.3386675406104993
1234,562,1182,162,2.0879977031966797
1234,1131,1948,164,1.2518798480406974
1234,1416,1060,126,1.7307880280598293
1234,1039,1281,181,2.335092216192135
1234,1376,1033,142,1.402458914253729
1235,890,1196,184,1.0077364428382285
1235,605,1572,115,1.2901945931222143
1235,1381,1687,122,2.617066367948115
1235,824,1503,158,2.617698725815873
1235,1031,1816,125,2.037803299332521
1235,779,1206,121,2.4408221873928344
1236,1273,1890,170,2.235057621148182
1236,1226,1474,115,1.0665027848481496
1236,1336,1589,195,2.127865155442934
1236,525,1106,159,1.9301918940166294
1236,1454,1987,137,2.8016335679803372
1237,890,1589,105,2.2055181291892314
1237,1375,1729,162,1.5173355066067253
1237,1369,1074,101,2.270110700890684
1238,1180,1841,104,1.8818319376771426
1238,553,1687,181,1.7669946628992281
1238,1352,1116,112,2.009950191901033
1238,1316,1193,144,1.0169728232967916
1239,733,1022,190,1.9969225501685672
1239,1117,1311,135,1.955595666244758
1239,1485,1287,107,1.1208082953233527
1239,685,1502,120,1.0331149537370699
1239,1291,1958,131,1.9963561673306696
1239,985,1735,140,2.0925225696435126
1239,1382,1175,179,2.752650938969179
1239,816,1166,177,1.4915279199964073
1239,1427,1098,183,2.6367463534968802
1239,757,1244,187,2.2964256545120865
1239,569,1850,147,2.0559283728745594
1239,875,1564,129,1.784783757349456
1239,1251,1953,187,1.7619995192089022
1239,702,1120,143,1.3945949631552392
1240,547,1741,167,2.6103423136226125
1240,616,1892,109,1.8696656012000674
1240,1197,1224,107,1.668793497991379
1240,1336,1368,135,2.7811879679211406
1240,1288,1148,125,2.134532887232311
1240,1447,1477,152,2.597661430246991
1240,751,1488,169,1.0533903396219189
1241,802,1180,126,1.3420021501766686
1242,579,1349,169,1.3738119763014995
1242,1252,1285,102,2.3716001625227303
1242,683,1643,147,1.7808900254098299
1243,1037,1414,164,2.4282502603472236
1243,902,1760,149,1.5307148185490194
1243,1188,1224,114,2.5697160959234813
1243,1044,1235,128,1.3482433342718372
1243,917,1184,104,1.321682412146867
1244,1110,1308,190,1.791400284382751
1244,552,1650,129,2.94147958623828
1244,1049,1310,192,1.153274399795505
1244,1199,1185,172,1.3108948909573725
1244,1462,1799,103,1.1520871019940475
1244,1186,1233,156,2.2726575241827036
1244,1323,1762,151,1.7232591516769402
1245,1452,1144,160,2.886630560745077
1245,742,1440,177,2.487595959737663
1245,516,1173,158,2.902356903184061
1245,1488,1167,170,1.3832230387933235
1245,1221,1736,132,1.3126944855446903
1245,1205,1990,187,2.254549554054739
1245,512,1524,139,2.6503676254701265
1245,830,1344,177,1.5711485317991587
1245,1045,1889,169,1.1522347331201825
1245,1287,1768,151,2.2173419865646804
1246,1044,1997,124,1.4057766382708206
1246,787,1286,174,2.2616519387373586
1246,520,1966,128,2.7233213689156353
1246,698,1092,169,2.820864254235998
1246,631,1767,185,2.868009657995896
1246,888,1633,135,1.6353229131279072
1246,800,1651,180,1.824759500350075
1246,901,1340,143,2.719515094235361
1247,1399,1862,150,2.6617838980350346
1247,894,1783,136,2.188977887751053
1247,1094,1307,137,1.6785589021112297
1247,1069,1881,159,2.7913324609442376
1247,1155,1332,133,2.8040573098186967
1248,632,1136,161,1.138651715184764
1248,1262,1399,170,2.4257946859798496
1248,1240,1172,135,2.53864004088767
1249,1218,1004,193,1.6252125856775568
1249,1253,1492,160,1.7255477973175968
1249,574,1493,146,2.413904849002991
1249,899,1760,152,2.4868043129570445
1249,906,1698,171,2.638687769828417
1249,849,1266,160,2.848241785277381
1250,669,1950,196,1.5444063537262285
1250,688,1906,111,2.0634180495142616
1250,1141,1644,181,1.8019881917181768
1250,1263,1971,129,2.66943604210386
1250,579,1015,165,1.498474203720895
1250,796,1951,105,1.051903245635079
1250,582,1961,139,2.2350206568978974
1250,938,1273,148,1.4777659276252952
1251,1408,1082,143,2.282947564228766
1251,680,1592,111,2.526626540922963
1251,585,1136,142,2.9905002584502833
1252,1406,1102,122,2.7410436506229616
1252,857,1891,183,2.887722020756917
1253,842,1352,120,2.8271100410688774
1253,1407,1993,157,2.8372917232439123
1253,610,1800,168,1.7094704769794706
1253,1418,1475,130,2.9198524588956962
1253,918,1406,186,2.0222711787889245
1253,815,1562,131,1.5216998123720638
1254,660,1349,183,2.4430114087238666
1254,778,1529,147,1.4952847089527366
1254,804,1963,188,2.8950526984021376
1254,1054,1265,143,2.211813601809642
1254,805,1612,115,1.0007153567241425
1255,675,1613,100,1.884940331877557
1255,674,1928,178,2.0305537410124357
1255,1065,1846,168,1.5053446795059997
1255,938,1722,184,2.6264573235555675
1255,854,1328,168,1.8138025803215965
1255,693,1115,155,1.2088073929960526
1255,571,1442,158,1.0172087920245323
1256,982,1573,186,2.475662352883685
1256,660,1823,116,1.8532660352081116
1256,911,1205,108,1.8120866911110836
1257,1346,1640,101,1.7838759052077904
1257,1287,1132,136,1.0785350881513949
1258,508,1986,149,2.7284888995523335
1258,1459,1146,143,2.4764708633512162
1258,1319,1497,144,1.9525110053933497
1259,1420,1103,126,1.9845600455460581
1259,1260,1906,138,2.2360179662142343
1259,1317,1064,130,2.401944922973631
1259,917,1054,130,2.64974432167651
1259,1195,1080,183,2.5620263904403844
1259,525,1737,108,1.417855631481123
1260,541,1693,114,1.0326227252499267
1260,600,1975,146,2.8902535701860765
1260,819,1741,167,2.956999827211728
1260,1219,1810,133,2.020853325455823
1261,1419,1635,147,1.3637694448793845
1261,661,1846,112,2.5934993831189255
1262,924,1413,190,2.221143505048234
1262,908,1975,137,2.7266742192499565
1262,1296,1249,179,1.8341560551689369
1262,1397,1695,148,1.8490054474973192
1262,549,1663,180,1.6330398989402153
1262,616,1292,198,1.634839413025612
1262,795,1238,117,2.7420374163789782
1262,595,1301,131,1.4443387578704565
1262,993,1029,150,2.566256801983508
1262,973,1309,196,1.390388041551303
1262,1033,1445,147,1.4357825350154587
1263,548,1191,156,1.7799478498776662
1263,1278,1262,159,2.47997689626942
1263,632,1943,114,2.632442726395857
1263,876,1770,189,2.647945030726764
1263,610,1002,141,1.2977271076246526
1263,1476,1350,103,2.3815297879033563
1264,1428,1561,188,1.7620866388456289
1264,1280,1136,177,2.1725983327279876
1264,789,1738,113,1.837085948954256
1264,597,1364,141,2.149776235416722
1265,987,1474,147,2.156351283601246
1265,596,1878,104,2.782137077158381
1265,952,1500,145,2.7409012362558585
1265,1061,1132,103,1.8636446598338638
1265,1464,1641,107,1.4960243232881778
1265,661,1289,165,1.9495064699876596
1265,501,1364,119,2.202958217503115
1265,1028,1234,105,1.5398600322871931
1266,1279,1988,145,1.5166658280910061
1266,1388,1737,102,1.2451324335682685
1266,1426,1846,139,2.1344352933541657
1266,520,1801,107,1.46462017302807
1267,682,1596,157,2.027733308797919
1267,596,1888,145,2.3264400866184447
1267,1446,1373,133,2.536653787939872
1267,1129,1922,115,1.2892125998205073
1267,626,1413,189,1.568971184528634
1267,1241,1506,166,1.7638535647097422
1268,978,1945,193,1.5209620116549705
1268,586,1930,164,2.1195171006754423
1268,1403,1566,132,2.5690549801601574
1269,752,1834,176,1.3354049512534791
1269,785,1689,182,1.8164212029809148
1269,503,1721,128,2.7044892584218885
1269,880,1540,111,2.1681785814202303
1269,686,1429,163,2.1861069451080484
1269,1447,1317,174,1.0726772386407892
1269,704,1155,157,1.3130330617378734
1269,1098,1329,113,1.2727560214311706
1269,1290,1717,172,2.079314961775708
1270,518,1719,194,2.466841385003284
1270,1300,1022,156,2.4288092128267014
1270,1459,1438,171,2.8083252550776647
1270,1149,1643,184,2.056259939573642
1271,666,1899,194,2.9469078345450326
1272,694,1811,188,2.034812180207232
1272,626,1957,193,2.199854657976065
1272,1149,1248,191,1.0684894210073537
1272,713,1073,152,1.7490651935822297
1273,699,1633,123,2.1780787172799303
1273,502,1583,185,1.6791906291981216
1273,734,1115,146,1.689089170683032
1273,680,1177,120,1.782577376735795
1273,1211,1835,168,1.3985831595039289
1273,1154,1457,132,1.5454177170358072
1274,577,1863,132,1.4661341943126451
1274,835,1573,170,1.0244192022439147
1274,1029,1760,174,1.3311426548684462
1275,970,1161,156,1.7672926301749798
1275,887,1200,109,1.4472585396379325
1275,1482,1696,177,2.2659295369250856
1276,865,1056,156,2.7512400126266496
1276,822,1284,147,2.7537879353064607
1276,1159,1095,119,2.1853376157601576
1277,980,1259,115,1.6100916303914379
1277,677,1634,153,1.914293256874311
1278,1212,1685,166,2.8120783053150795
1278,641,1036,175,2.6157214331360628
1278,1110,1220,152,1.5083087509346516
1279,1173,1612,174,1.1133178582318628
1279,745,1559,151,2.7840889790703716
1279,549,1540,127,2.4419534637548033
1279,1086,1035,144,2.325921632004781
1279,1163,1579,156,1.0191982568040456
1279,1468,1178,121,1.2653195130309705
1279,1237,1346,126,2.665572871714205
1280,1271,1700,129,2.0686125488725144
1280,922,1166,103,2.2334335025483263
1280,1385,1955,124,1.8495425862521797
1280,858,1354,104,1.6679216873949074
1280,656,1658,104,1.3104165350883028
1280,580,1140,109,1.5333634757239738
1280,987,1243,161,2.7004892938902376
1280,550,1632,138,2.2951030231081955
1280,512,1160,161,2.8208643016129553
1281,1490,1445,150,2.229326986861621
1281,1229,1551,102,1.284470293934488
1281,1386,1784,122,1.9467385542940114
1281,1285,1735,159,1.8608208467721532
1281,972,1229,130,1.010889464542127
1282,1326,1413,165,2.3284151559261295
1282,933,1968,119,1.3709456186130802
1282,1186,1350,124,2.177591069864387
1282,1126,1541,112,1.965327211313957
1282,1477,1358,181,1.5874244084515503
1282,1003,1299,120,1.6724366935203334
1283,736,1772,115,1.5719463612208247
1283,640,1031,170,2.9968977158469947
1284,613,1526,177,1.8696789988519045
1284,1436,1125,119,2.109551883510949
1284,640,1098,149,1.336584246495621
1284,980,1405,100,1.689226397722219
1284,663,1106,117,2.142786404926608
1285,594,1695,164,2.2670154905285056
1285,648,1090,139,1.8711750254108506
1285,871,1878,154,2.4057801499822977
1285,1356,1776,160,1.9108426441691968
1285,767,1036,110,1.9944282617347846
1285,722,1093,195,1.2929086129267944
1285,938,1971,179,2.129964542945994
1285,709,1317,193,2.892028261995618
1285,539,1706,142,2.5015404979449736
1286,546,1243,109,1.424264252042153
1286,545,1840,133,1.1012645047048515
1286,922,1954,177,1.7495615460447511
1286,711,1347,124,2.4198302579196307
1286,849,1472,139,1.9420864460181912
1286,913,1821,162,2.709418872139344
1287,841,1217,187,2.1013433265560417
1287,662,1539,160,2.4640009472065576
1288,1342,1509,156,1.134360770474044
1288,1298,1757,138,2.842400246734444
1288,1226,1193,158,2.4588679875641954
1288,524,1620,193,1.8717947857249893
1288,835,1756,173,2.640971786381227
1289,1118,1172,163,1.1565334981836937
1289,1215,1298,110,1.2610593407374278
1289,1405,1939,101,2.91546435602183
1289,889,1767,139,1.605812974906006
1289,1336,1770,101,2.8537254909547727
1289,1235,1474,110,1.3960274935570056
1289,896,1084,170,2.9222736766209287
1289,1303,1537,136,2.010512573581743
1290,963,1248,167,2.685603832300203
1290,1283,1959,106,1.5772286600696495
1290,1223,1394,142,1.3046508302602173
1291,898,1913,141,1.6722125883288206
1291,1176,1449,150,1.7352383103771394
1291,858,1869,115,1.8386508795695164
1291,1100,1694,186,2.1961978359131678
1292,1116,1719,100,2.8939990931874564
1292,1419,1886,116,2.0775982109583104
1292,1164,1302,104,1.8713438478976445
1292,1049,1790,108,2.4592626933832253
1292,622,1441,189,2.2210593956567344
1292,1319,1324,194,1.983612931534291
1292,1236,1630,133,1.8834421634643077
1292,828,1422,184,2.643055201432113
1292,690,1063,180,2.9449089787765503
1292,681,1035,187,1.2866509698609554
1292,1198,1804,179,1.5392628700843263
1292,1308,1897,166,2.026500880736128
1293,1084,1573,185,2.954530152515585
1293,526,1132,108,1.5622482196870018
1293,591,1615,111,1.9518177443963782
1293,775,1236,119,1.100899241455411
1293,1293,1380,151,1.7146257477676718
1293,645,1719,181,1.5762605408987054
1293,1062,1984,172,2.3262000384715833
1293,1372,1711,111,1.6533758647004884
1294,1358,1355,187,1.8544994090096285
1294,733,1568,138,2.2033721737488383
1294,783,1041,191,1.394910506985764
1295,1285,1160,165,1.9718854133160517
1295,1164,1079,115,1.7708584117119148
1295,949,1868,168,1.043969667515352
1295,691,1701,173,2.372308393970705
1295,1210,1954,190,2.559830133099783
1296,1370,1859,132,2.4747678175064847
1296,735,1473,116,2.2030605083610206
1296,880,1015,194,2.2040982288771778
1296,794,1115,119,1.913740161481474
1296,550,1215,141,2.4838344779740904
1297,847,1702,127,2.4087991954187586
1297,1051,1847,183,2.5578795069960574
1297,1114,1904,198,1.270490409111432
1297,771,1455,137,2.6593843378907596
1297,1302,1351,170,2.068185043007195
1297,960,1226,173,2.5620374258393346
1297,717,1296,118,2.0252946363218216
1297,637,1006,169,1.4665599509976475
1297,872,1132,148,1.2197549002522994
1297,1420,1362,101,2.086310513430006
1297,1299,1105,142,2.9305144814491006
1297,946,1199,110,1.3633587969444674
1298,1289,1512,119,2.2785746262788287
1298,1366,1468,142,2.9840374708781483
1298,1234,1647,181,1.4977589564362512
1298,1064,1413,150,1.856251289173184
1298,1149,1856,164,2.891822037549277
1298,1121,1838,120,2.6968489249076435
1298,1053,1119,140,2.1267846423527565
1298,769,1389,169,1.4772665121787305
1298,1423,1985,163,2.4581761900921393
1299,681,1892,183,1.9259414800044392
1299,677,1499,177,2.731176071655872
1299,586,1040,168,2.4913767789712615
1299,637,1559,118,2.732108444562394
1299,1394,1725,160,2.1966052135917717
1299,1227,1946,104,2.1049483112111584
1299,1242,1730,162,1.615229022754518
1300,561,1858,112,2.724024519451695
1300,1022,1217,143,1.5377666054223948
1300,1177,1959,110,1.7280135594351982
1300,582,1779,193,2.0346073124769326
1301,805,1547,139,2.9748872452710557
1301,871,1022,175,2.4444954191681294
1301,769,1322,158,1.0454861676920042
1302,1063,1292,188,2.0811945192396095
1302,1454,1092,181,2.2498899396106617
1302,1258,1111,150,2.369400319857621
1303,1142,1154,104,2.21883058739058
1303,1142,1140,197,1.5841124229934864
1304,1246,1032,115,2.750603148510055
1304,1445,1792,163,2.48665682241538
1304,615,1070,169,1.6170675822364826
1304,535,1975,112,1.6178608955798204
1304,1050,1147,122,1.140778094103511
1304,1209,1554,160,2.828368028049155
1304,1281,1211,132,2.398201600614647
1304,957,1993,191,1.3254737714097886
1304,1105,1625,134,1.8695909893975937
1304,513,1754,152,2.997907340190502
1305,758,1110,146,2.1367303598544254
1305,531,1446,157,1.9773042674015233
1306,565,1545,167,2.2246227394603153
1306,1372,1295,164,2.994038559187002
1306,631,1448,119,1.5497659266064236
1306,1487,1197,177,2.628748464195424
1306,581,1756,184,1.675245057410457
1306,834,1149,184,2.1279654635493532
1306,748,1972,140,2.3505238471616483
1307,887,1612,146,1.2848832160187948
1307,567,1950,126,1.2085030877552976
1307,727,1790,156,2.7820888522472202
1307,1056,1006,110,2.6952529790484245
1307,910,1755,141,2.431841152138591
1307,708,1632,122,1.3167037746003731
1308,762,1704,145,1.0070360893801922
1308,513,1225,144,1.0730116276593205
1308,1204,1009,189,1.1122906285185465
1308,803,1674,104,2.6491682105581944
1308,958,1086,163,1.3448528459404594
1308,1130,1463,185,2.036415447804254
1309,649,1843,160,1.2439487951953614
1309,1223,1008,176,2.7680866154982655
1309,670,1643,194,1.738928635581194
1309,1263,1297,112,2.089255416561092
1309,1103,1753,196,1.075380396874242
1309,1216,1768,132,1.1656138220159058
1309,869,1523,123,2.761771225273346
1310,745,1044,139,2.506803322330252
1310,1090,1420,154,1.35508190873527
1310,1417,1108,177,2.9102294344493065
1310,617,1164,142,2.4403034995946635
1310,647,1400,187,2.9961091419234114
1310,889,1061,155,1.870778915197057
1310,1337,1978,158,1.749187009926158
1310,1238,1517,105,2.415421270753254
1311,777,1779,131,2.1964760662495983
1311,1272,1659,172,2.1366525102704284
1311,541,1441,184,1.9873356840422132
1311,845,1582,183,1.1326776673813646
1311,567,1385,137,2.699180577252602
1312,847,1819,134,2.8393668944303947
1312,996,1930,175,2.87322863748564
1312,761,1279,104,2.952187335236594
1312,1266,1905,115,1.0883837898929474
1312,798,1222,121,1.2511188277493814
1312,820,1729,149,2.6591248493870348
1313,710,1938,199,1.6861376440189149
1313,873,1712,128,2.416489871947352
1313,1343,1420,119,2.7277655404506524
1314,867,1473,104,1.0578945868089116
1314,900,1431,197,2.3670133836349105
1314,1173,1300,145,1.664781426258512
1314,563,1427,168,1.821646654100819
1314,514,1627,144,1.1450147143173035
1315,1115,1372,143,1.4352056532565463
1315,1208,1445,185,1.6362853922799903
1315,1189,1488,188,2.2432795911866226
1315,777,1929,121,2.7261069599027365
1316,823,1815,143,2.9115107167939245
1316,1364,1545,185,2.0619903255751586
1316,1069,1993,102,1.3659052888561298
1316,1416,1048,133,1.5134542776385733
1316,1262,1143,139,1.128929907587428
1316,618,1533,152,2.582479832180784
1316,1478,1463,165,2.497766041774589
1316,1086,1579,176,1.3396734775379218
1316,986,1201,197,1.3807338583296704
1316,1395,1038,114,2.4991160276982316
1317,1039,1537,115,1.3900694176388344
1317,741,1820,150,2.3195185783872367
1317,1464,1745,116,1.6261531069538881
1317,544,1929,192,2.702938950755171
1317,1363,1543,111,2.8560959596462494
1317,1492,1474,114,1.2892338474125875
1317,1028,1537,100,2.4276832892325526
1318,617,1780,138,2.3844948259041665
1318,1155,1201,150,2.775292477324027
1318,523,1701,110,1.1845711140139197
1318,777,1177,107,2.309899476242875
1318,917,1278,132,2.667831945938423
1318,1129,1359,153,2.0766926242948682
1318,1250,1037,163,1.6874896594236322
1318,641,1057,127,2.3525516444590315
1319,506,1675,188,2.578458384544112
1319,1143,1988,133,1.4672941294940267
1319,988,1109,168,1.081524546261165
1319,680,1952,120,2.7949814499672376
1320,784,1072,198,2.1726824840355192
1320,1394,1518,145,1.5835218098904154
1320,891,1019,139,1.198038826183431
1320,652,1353,182,1.4924739180205535
1322,1020,1259,194,2.7566194312024237
1322,989,1594,112,1.057583454843355
1322,738,1540,131,1.4946038906292065
1323,752,1748,123,1.732144657487642
1323,578,1674,181,2.440983219248806
1323,1309,1056,165,2.4782737688960115
1323,1134,1205,169,2.285735373317965
1324,1098,1923,166,1.513299246618551
1324,534,1067,188,2.653287194215647
1324,1391,1032,189,1.8494398768645581
1324,1032,1582,166,2.7138022589936286
1324,1301,1575,140,1.7732942696118532
1324,1478,1470,117,1.343012389025597
1325,714,1259,125,1.0221260480001426
1325,514,1467,183,1.6256888934868399
1325,851,1155,143,2.134583058544378
1325,1046,1675,132,2.1766275957426178
1325,1359,1422,132,2.889936417180527
1325,624,1788,177,2.817027927672407
1325,1326,1109,110,2.414540938708372
1325,1168,1088,159,2.246561191839307
1326,961,1045,156,1.493138228906727
1326,739,1195,127,1.7043375103238882
1326,1120,1631,140,2.0886399905189785
1326,504,1679,195,2.4024405898935277
1326,1260,1668,174,2.0579520010419095
1326,613,1204,191,1.7872923818170396
1326,663,1616,132,2.498050923177237
1327,856,1865,149,2.4650431880839814
1327,1489,1357,134,2.975880245445367
1327,605,1997,195,1.978751057236212
1327,958,1258,193,2.044099671369069
1328,1124,1955,115,1.1142814833583958
1328,1471,1904,134,1.8070579075788478
1328,1110,1702,175,2.404874198133478
1328,566,1410,130,1.4420053410501856
1328,747,1106,187,2.2819384607543354
1328,1414,1032,125,2.4413790332681273
1329,1103,1699,164,2.9223157369808517
1329,1429,1897,117,2.736948870974075
1329,1125,1686,192,2.732917728561647
1329,1069,1898,125,2.270033575935715
1329,1197,1209,101,2.5856333380679173
1329,666,1268,123,2.241842262715256
1329,748,1508,196,2.732513267348671
1329,683,1739,172,2.414827340579152
1329,759,1993,193,1.4838998721172338
1329,931,1234,145,2.152368982994444
1330,1403,1147,158,1.4943067550590576
1330,1384,1196,197,1.2477304015040072
1330,738,1761,184,1.3521727831881958
1331,696,1065,108,2.4386663999116704
1331,982,1339,163,2.4417255586876037
1331,1425,1945,119,2.0608495964567095
1331,1179,1055,131,1.6871900835681795
1331,1132,1774,190,1.0774777127065938
1331,1419,1292,131,1.8352684421603667
1332,853,1589,115,1.0286196742899878
1332,523,1789,116,1.6025418755740939
1332,1445,1960,186,1.8162239216749752
1332,952,1030,175,1.8335279923765442
1332,567,1453,199,2.995983000521952
1332,958,1804,128,1.6191044021306644
1332,514,1447,118,2.4066961154635713
1332,685,1638,198,2.95520008524669
1332,730,1786,177,1.5343607826193253
1333,1126,1545,103,2.8286846287840537
1333,1308,1776,116,1.3055155178535454
1333,844,1599,104,2.915389333769016
1333,1141,1791,181,1.392204592262073
1333,1020,1182,194,1.3327070459456483
1333,1440,1207,109,2.8173472596721307
1333,1342,1675,136,2.9892523268864006
1334,1452,1860,142,1.8910064824441803
1334,552,1618,141,1.2167966009249946
1334,1484,1361,166,2.684919357719806
1334,1184,1500,177,2.3439850288997284
1334,1145,1780,169,2.329884603117172
1334,1240,1188,101,2.283105228394075
1334,575,1402,172,1.0859020176628313
1334,919,1865,179,2.1527788506269685
1334,553,1372,105,1.2149209234314007
1335,612,1866,138,2.2569788353801066
1335,905,1874,150,2.3305118036011288
1335,1375,1627,101,2.4895881171871723
1335,906,1548,151,1.6910650256828084
1335,888,1773,166,2.388257198758713
1335,894,1775,124,1.1665229131847752
1336,677,1663,190,1.9888420154972
1336,1338,1284,189,1.937165271842895
1337,1357,1391,192,1.379829002668855
1337,538,1643,143,2.9808199156218356
1337,618,1964,162,1.3550015282774839
1337,738,1193,167,1.6016934770340017
1337,963,1435,176,1.8530515580473677
1338,1443,1441,132,1.2281009188535588
1338,639,1015,191,2.5719152333348676
1338,1210,1616,192,1.5152367634456203
1338,1006,1833,129,1.1902732266371232
1339,1229,1690,129,2.0414529468069027
1339,1309,1666,186,1.14278139769439
1339,579,1757,172,2.9642413577212627
1339,902,1303,193,1.4026787794077886
1339,1472,1265,160,1.7655328065344273
1340,1169,1787,192,1.1495711870630427
1340,667,1628,198,1.092223789007415
1340,886,1531,111,1.899640953844685
1340,578,1858,170,2.661553772898827
1340,593,1370,121,2.5244311317955415
1340,889,1699,141,2.2426813605657294
1340,1314,1940,169,2.673848606540589
1341,742,1301,168,2.1931325358444207
1341,1018,1595,130,1.5568689023489324
1341,1064,1151,163,2.1574449937759486
1342,654,1935,177,1.8434083950139029
1342,544,1936,199,2.0506701055881225
1342,1354,1006,120,1.6930232915451664
1342,1048,1024,189,1.1474385851189575
1343,1281,1139,159,2.991359505810216
1343,1296,1457,131,1.2375153951675393
1343,550,1127,168,1.3736683723745398
1343,1181,1474,179,2.8700110640402507
1343,520,1363,134,1.2263382479760583
1343,623,1058,167,2.171218714260714
1343,630,1556,134,1.0080253414088878
1344,814,1343,135,1.4044458311075512
1344,1307,1541,138,1.5443428287529035
1344,1343,1117,184,1.6787139050376483
1344,910,1606,177,1.7855833151358085
1344,723,1743,188,2.7123299197438184
1344,549,1904,185,2.907029414115877
1344,1227,1755,185,1.9740444649010727
1344,748,1944,122,1.8624119149951597
1345,1338,1952,143,2.4928881105603145
1345,614,1461,115,2.4907019913639914
1345,827,1549,183,1.6022326761024202
1345,933,1092,165,1.1713573779027828
1345,830,1342,153,2.299259412262304
1345,1216,1786,170,1.878519821983453
1345,692,1273,159,2.6833911673141726
1345,1357,1777,155,1.9242894488662052
1345,587,1583,188,2.5834425266634407
1345,1361,1911,126,1.9716141554803555
1345,686,1875,170,1.828983708182603
1345,919,1691,181,1.632607805172684
1346,1407,1346,115,2.299437191930156
1346,1458,1481,160,1.2107713041797223
1346,809,1682,141,2.6915510686907718
1346,910,1022,153,1.6559268303785695
1346,1170,1150,179,2.9062093144613437
1347,1280,1349,190,2.394999268285064
1347,1448,1951,138,2.467271023718963
1347,1471,1319,100,2.843469258729435
1347,667,1927,187,1.1149371602186977
1347,1158,1183,189,1.2140307903955785
1347,900,1384,134,2.659164195283016
1347,990,1112,102,2.0639967167369724
1347,1373,1201,152,1.348419638625645
1348,1003,1675,171,1.9592070648163074
1348,1124,1930,153,1.7337252722416283
1348,889,1308,100,2.025603399212069
1348,1391,1888,144,2.8027163996734252
1348,1393,1839,143,1.4703735752835476
1348,634,1965,143,1.868267486985457
1348,900,1857,171,2.8157588621564344
1348,1120,1045,177,2.321241995543956
1349,842,1736,196,1.573002371330822
1349,553,1115,150,1.0684536319674545
1349,740,1897,104,1.0724881918993519
1349,669,1823,112,2.7949253912048553
1349,511,1802,124,2.019801446082042
1350,1077,1786,123,1.6093836437118463
1350,747,1610,179,2.497595215163506
1350,806,1659,172,2.57681316523107
1350,1288,1757,132,2.5654178502545664
1350,1158,1592,125,1.1207529366978277
1350,906,1612,130,2.0214944879307044
1351,720,1689,187,1.7531603424044198
1351,1425,1697,118,1.7609333356280468
1351,722,1746,148,1.994899660608986
1351,1060,1639,197,1.8159459072898998
1351,904,1800,143,2.0268410079209422
1351,962,1873,100,2.363739761690109
1351,1056,1041,178,2.87014456202315
1352,700,1042,143,2.728141586612189
1352,932,1014,155,1.4173425328142042
1352,1088,1454,128,2.0466847087570157
1352,892,1110,167,2.8175690534130973
1352,1165,1898,114,2.168095996114035
1352,1074,1388,100,1.3656782752382999
1352,1359,1461,137,1.2000744300379274
1352,1368,1363,156,2.1753855316275064
1353,724,1628,194,1.8880299483228813
1353,938,1366,117,2.0885165416438927
1353,663,1127,144,1.6464806347119667
1353,852,1542,101,2.4781880484334327
1353,653,1078,159,1.1524878635848144
1353,1096,1784,140,1.1155724178757425
1353,522,1635,179,1.0243278059333727
1353,1198,1325,104,1.2226285073911378
1353,550,1045,174,1.4146363469472756
1353,1340,1226,188,2.4935237339676783
1353,1135,1590,142,1.9320145246140683
1353,1035,1245,157,1.4331868869221929
1353,1340,1317,143,1.3492071655056956
1354,1129,1775,107,1.3503287836938844
1354,1104,1388,154,2.0938665671652474
1354,1496,1627,125,1.7557049092199855
1354,615,1624,124,1.434568121528265
1354,1416,1444,123,2.4238583902304454
1354,1340,1999,125,1.117790146937291
1354,929,1724,125,2.357507469240613
1354,643,1309,132,2.3611925433524736
1354,649,1736,123,2.420907732574981
1354,925,1892,108,2.126711627820298
1355,769,1491,125,1.1108478744304877
1356,1327,1214,171,1.6795773912187908
1356,1052,1046,149,1.2301236784081606
1356,731,1007,117,1.1517804369754
1356,512,1149,113,1.63199208980607
1356,1203,1345,185,1.8299124632438353
1356,1339,1993,150,2.625839668095288
1357,1320,1803,124,2.2046495021322046
1358,1483,1134,184,1.536718610384558
1358,1197,1934,134,2.9550908176420845
1358,530,1342,199,2.4274023522471024
1358,569,1810,122,1.4117607928393554
1358,1288,1277,199,2.306729655968179
1358,1028,1998,162,1.7542500036327258
1358,712,1545,123,1.3506667182516192
1359,1388,1858,116,2.963299657431306
1359,1243,1468,153,1.0306265034852902
1359,885,1153,161,1.0994474902263538
1359,1349,1473,147,1.6213719444126038
1359,672,1212,193,2.4865476661318278
1359,1289,1291,143,2.1250221187915654
1359,703,1874,185,2.9243778219563525
1359,956,1868,137,2.794124213468754
1360,1072,1421,179,2.3822549376941144
1360,1490,1242,186,1.9135901799777408
1360,573,1886,160,1.400982950615677
1360,719,1642,148,1.6946487260643073
1361,1331,1731,104,1.2420885172136154
1361,563,1400,143,1.131993961712886
1361,1152,1403,169,2.5619919359377077
1362,1397,1540,124,2.3519680955089464
1362,1021,1712,115,1.119906317105422
1362,588,1714,164,1.6570397067760252
1362,595,1162,127,1.4351809312425359
1362,1429,1526,129,1.5115267950177176
1362,1299,1358,197,2.143360016504345
1363,691,1543,199,1.5768791193198113
1363,1247,1984,111,2.75011232352451
1363,744,1760,129,1.1297747658709372
1363,1057,1761,174,1.9104901858249432
1364,779,1051,148,2.1840907459630032
1364,1336,1891,163,2.8151259694280144
1364,702,1631,197,2.8885844862908225
1364,993,1974,128,2.9835355563389188
1365,1314,1348,193,1.483379864166561
1365,630,1020,123,2.421549756209472
1365,1068,1981,126,1.5252910077190267
1365,961,1538,161,2.6213452035490428
1365,873,1720,188,1.0624778334825962
1365,588,1043,121,2.356067064523433
1365,892,1442,192,1.5891619241251937
1366,1160,1594,166,1.3794302878248201
1366,1490,1700,126,1.5389592643768584
1366,1104,1000,159,1.1113705527916706
1366,683,1322,106,2.28630337144528
1366,845,1309,190,1.4817266587960596
1367,1381,1906,199,1.7023350462743643
1367,973,1297,144,2.871200626636237
1367,799,1867,158,2.876964948996007
1367,1495,1775,148,2.630461419075614
1367,709,1618,193,2.3246170473794
1368,1172,1088,105,1.806131614196254
1368,1116,1585,104,1.0802084196582766
1368,985,1749,112,2.2822512444258796
1368,1458,1053,115,1.5898219284115498
1368,1230,1059,111,1.7984498943195322
1369,1239,1387,103,1.731731293392805
1369,1182,1110,108,2.8813550800399215
1369,631,1508,110,1.8620039832686346
1369,1070,1930,118,1.246296375483839
1370,637,1972,179,1.132272546048912
1370,977,1817,135,1.9608049680915813
1370,798,1863,163,2.633348232569535
1371,1461,1707,170,2.683722085721297
1371,517,1973,116,2.924147805859403
1371,1382,1705,140,1.6045985445218018
1371,506,1499,152,1.8410106923526721
1371,1459,1133,139,2.5696987288526394
1371,1457,1161,131,2.4707155191638304
1371,1492,1785,127,1.734813714755878
1372,546,1018,198,1.6541267566518314
1372,645,1169,119,1.2070758908847778
1372,801,1831,135,2.8752778586004055
1372,1229,1843,134,1.1321823797563737
1373,923,1504,154,2.7445642179194203
1373,1152,1379,187,1.388545305038266
1373,685,1333,116,1.352474850395561
1373,610,1829,126,1.6893114083598908
1373,853,1135,138,2.1020186494841715
1373,1469,1698,167,1.9619842470548494
1373,1213,1148,150,2.2249164580689285
1373,1453,1742,105,1.7307374151643111
1373,1181,1692,174,2.766476765809516
1374,900,1494,186,2.700850981174945
1374,765,1484,183,2.549716775563004
1374,1416,1080,189,1.1627024359342983
1374,738,1309,172,1.6885992483235106
1374,1266,1225,118,1.807179425615971
1374,575,1444,166,1.3717794672563606
1374,686,1446,106,2.4821455248447784
1374,1047,1429,177,2.1438342320754487
1374,1336,1925,137,2.0664018418023122
1374,1433,1329,159,2.8135285480250616
1374,1197,1536,121,1.3882348303094807
1375,1469,1087,162,1.4354675920919138
1375,1296,1227,189,1.4334478662434604
1376,906,1096,185,1.7712075583491116
1376,674,1185,125,2.3135663329202654
1376,1040,1804,151,2.03770021644517
1376,595,1127,161,2.991456620815047
1377,1426,1892,119,1.0102110633144437
1377,864,1993,158,2.5779806720864835
1377,1490,1454,118,2.061824781794466
1377,1363,1965,108,2.6365532433648298
1377,960,1241,185,1.4806981109509176
1377,599,1593,163,2.4178914207940063
1377,774,1828,110,2.3458608255821556
1377,546,1620,165,1.2005981715088503
1377,1021,1108,168,1.888214138247787
1377,1100,1309,119,2.9527926804417053
1377,1222,1181,171,1.8499547552968056
1378,739,1471,156,1.7767005352215604
1378,1067,1019,122,2.7961876767230147
1378,1489,1753,110,2.1386860536062784
1378,1487,1197,162,1.0359745527963502
1379,1177,1640,191,2.329330208841692
1379,1332,1930,151,2.7117861837413804
1379,788,1043,153,2.9313114573334635
1379,698,1538,116,2.785354963555302
1380,1067,1593,132,2.0922606162857513
1380,532,1147,127,1.627384905976874
1381,595,1847,186,2.9724573480833802
1381,687,1029,157,1.5818706320941864
1381,1142,1565,119,1.754819294584755
1381,1143,1022,167,2.638276127035626
1381,743,1660,117,1.9719939058210885
1381,704,1003,163,1.3080372785588557
1381,816,1131,150,2.271316545519812
1381,578,1804,181,1.3258645341933655
1382,1062,1445,155,2.1409326611743174
1382,1097,1957,157,2.152421041685841
1383,1311,1715,195,2.9038915100253124
1383,1342,1856,137,2.7269825793666245
1383,846,1828,196,2.259708760915487
1383,1439,1921,164,1.3913589408262945
1383,908,1016,152,2.2373120069391446
1383,1354,1578,111,2.1738876290478317
1384,1079,1029,176,1.7310167429632852
1384,930,1067,198,2.325588495236552
1384,783,1071,147,2.457739589832972
1384,810,1145,199,2.4044912301995054
1385,515,1504,108,1.0089910833105307
1385,1469,1287,104,2.302501003269879
1385,617,1913,190,1.6498555687164196
1385,1301,1307,195,2.604517278545945
1385,803,1546,177,1.042654439948611
1385,764,1407,199,1.1792757375629748
1386,594,1543,139,2.858556001163615
1386,1401,1045,118,1.4964561539501544
1386,760,1658,149,1.079897433714976
1386,671,1774,128,2.3213162458801975
1386,1364,1257,161,1.8178361605822844
1387,526,1530,197,1.0650013385937676
1387,969,1195,136,1.3217889506317528
1387,863,1367,153,2.9464012495504743
1387,889,1471,147,1.841182711622585
1387,1067,1459,120,1.9165424497224148
1387,688,1065,150,2.729983259802639
1388,807,1898,147,1.3590694096526568
1388,1209,1633,128,1.090639383269394
1388,710,1592,137,1.838265014214364
1388,971,1448,103,2.316253281339806
1388,919,1022,109,1.4510751636794559
1388,1347,1469,118,1.5256949405009015
1388,936,1685,169,2.455759095822846
1388,1305,1297,155,2.776112559031601
1389,797,1564,182,2.257268170402379
1389,896,1548,170,1.7722963312103872
1389,1027,1588,162,2.5449812256897175
1389,1221,1540,114,2.6670307920012912
1389,1477,1894,180,2.613863101574208
1389,899,1319,122,1.3363249516208138
1389,1331,1803,189,2.127262867437789
1389,645,1647,135,2.975573518047252
1389,833,1906,114,2.349096408991954
1390,1363,1908,106,2.5442300070925308
1391,866,1653,195,2.768256733756241
1391,1039,1461,114,2.6719525741544863
1391,1285,1608,190,1.0849529649486425
1391,1014,1402,191,1.7668300736855787
1391,529,1834,167,2.1571425366883785
1391,1325,1148,162,1.5165098621984474
1392,562,1175,100,1.5463283743663114
1392,946,1906,102,2.155801353598367
1392,1466,1118,186,1.3665044998320932
1392,521,1980,107,2.8361845389741314
1392,565,1900,183,2.6833684974573258
1392,599,1962,185,1.0872806508073276
1393,949,1828,142,1.194970103033402
1393,1148,1406,140,1.6122027554313887
1393,797,1703,176,1.9223880063238676
1393,1192,1743,118,1.4851488209532033
1393,1197,1566,131,2.957749022755838
1393,870,1323,124,2.9725940695322803
1393,1275,1637,139,1.3689254702476321
1394,690,1518,157,1.9021814460462538
1394,1366,1209,106,2.5447729664709113
1394,1471,1727,152,2.960744386461516
1394,871,1444,156,2.058112869281401
1395,981,1595,144,2.757970191954475
1396,898,1370,179,1.401319314122678
1396,1018,1321,179,2.126992577596086
1396,990,1963,143,2.0060470050321646
1396,886,1004,199,1.120552930814798
1396,826,1686,175,2.7554869655309524
1397,1315,1412,187,1.2568808894572936
1397,1139,1130,156,2.0143615311675065
1397,1380,1414,113,1.0382645597400786
1397,1379,1954,110,2.278110099992052
1398,1364,1726,128,2.2145465154579287
1398,1283,1381,131,2.0952723836392413
1398,613,1800,194,2.523441549289484
1398,1275,1773,127,1.9476871248252858
1398,711,1863,156,1.6624293537284134
1399,796,1319,112,1.8875579431655245
1400,1364,1970,115,1.939114373350543
1400,987,1175,159,2.6461003756168777
1400,937,1833,132,1.9829540348898451
1400,1418,1650,114,2.597326464325624
1400,1086,1965,177,1.1073427275865704
1400,1355,1735,129,2.451046212190013
1401,542,1615,164,1.5765576677601816
1401,975,1491,183,2.7758172817943185
1401,1239,1633,106,1.4560500808223837
1401,740,1720,195,1.2676746446405431
1402,1085,1330,119,2.585540997461899
1402,522,1024,145,1.650813502067906
1402,601,1520,145,1.867363809031259
1403,1494,1657,173,1.4335952920013924
1403,948,1896,153,2.8408512824779617
1403,781,1305,132,1.9676340184488292
1403,624,1092,161,1.3171161656047023
1404,1029,1817,184,2.576127708009147
1404,1059,1281,132,2.284594120435196
1404,1270,1945,172,1.3793464287122352
1404,932,1536,148,2.0721551491856482
1404,513,1007,128,1.7907166676001276
1404,646,1935,122,1.858658800283059
1404,656,1361,174,2.4692004096548037
1404,1436,1710,130,2.8891577662951846
1404,1451,1465,178,2.3493372125936016
1404,1388,1785,106,2.144860966147514
1405,794,1935,129,2.671605765196756
1405,816,1169,136,1.5737684796304516
1406,941,1379,104,1.26184874932734
1406,1369,1367,111,1.0882182934530036
1406,748,1488,141,1.1737465276920824
1406,1156,1222,164,1.4724946509813261
1406,1224,1311,173,2.2398482388829484
1406,870,1820,138,1.5691004328319995
1406,1212,1455,175,2.4523853915039124
1406,713,1759,116,2.8250988688618426
1407,1316,1648,191,2.371329572031981
1407,1402,1589,163,2.6699566311496605
1407,967,1626,108,2.8578713637587665
1407,544,1669,133,1.6370603770353054
1407,853,1233,117,2.3217587181145944
1407,1113,1093,137,2.4445416721972735
1407,1422,1296,162,1.7403402436795756
1408,507,1031,109,2.0426565940818486
1408,864,1319,107,2.5930096059341903
1408,1420,1256,146,2.7202741672630815
1408,1299,1032,182,2.303427587297347
1408,1397,1208,160,2.261989145149979
1409,854,1462,134,2.3876145370478
1409,841,1626,102,2.219151022303941
1409,578,1649,161,2.7394504339411054
1409,810,1240,168,2.166035351614422
1409,575,1273,194,1.170326090583783
1409,862,1370,176,1.932677217402228
1410,1421,1903,111,1.8485578211014886
1410,1109,1424,153,2.8914103217466964
1411,815,1428,143,1.0489034933200654
1411,759,1922,134,2.5755961893211703
1411,1429,1467,155,1.2101104125258673
1411,1232,1229,138,2.3767765275657817
1411,935,1608,119,2.678806245339387
1412,1320,1476,114,1.0597122359053235
1412,717,1840,121,1.9527821962791037
1412,879,1169,191,1.0827945029447108
1412,770,1473,144,2.575178864278893
1412,1451,1276,133,1.9316431073002218
1412,1053,1023,192,1.0773215879070852
1412,721,1496,104,1.0018455482723587
1412,1342,1532,154,1.5843872495888998
1413,902,1809,187,2.0807090734841163
1413,1487,1701,126,1.8244660923539961
1413,1472,1370,131,1.2331272059036074
1414,626,1877,116,1.254736638904191
1414,802,1928,157,2.465508654412801
1414,664,1865,197,1.9568049578371045
1414,1406,1783,126,1.5985101154924661
1414,1363,1686,125,1.7586513854172665
1414,1102,1678,126,1.013917781553033
1415,632,1146,199,1.841047599425293
1415,522,1656,190,2.792623379423833
1415,953,1921,113,2.604247097546822
1415,954,1953,146,2.575139308153153
1416,1159,1969,102,2.1638521092360103
1416,953,1892,180,2.6321430369220553
1416,1028,1724,109,1.4714375741441648
1416,574,1437,129,2.3639985969561836
1416,830,1943,152,2.7351875463682465
1417,983,1471,177,2.5921861397840464
1417,1478,1731,134,1.2452542122933534
1417,715,1175,146,1.9356172196310697
1417,1076,1548,168,1.4844006348693386
1417,1005,1454,179,1.9141074419293564
1417,1498,1954,125,2.8166009529217324
1417,1038,1660,196,2.114786143817851
1417,1477,1072,125,1.72051930606188
1417,600,1432,110,1.9296500827412915
1418,568,1953,182,2.0910723971645897
1418,520,1430,145,2.8814902413188825
1418,591,1397,106,1.7998515698346451
1418,654,1698,121,2.9943241759291643
1418,1285,1515,107,2.9027776969725037
1419,1451,1446,133,1.6234286151133581
1419,991,1768,141,1.3928584202870864
1419,1172,1248,150,2.296320139156748
1420,704,1274,156,2.802771486985078
1420,1177,1424,102,2.6532435994742682
1420,1008,1066,156,2.798432751135871
1420,1006,1600,189,2.8075093160146745
1421,603,1629,110,2.7392918963685053
1421,1324,1377,174,2.636881761745526
1421,1050,1669,186,2.4284672959111235
1422,876,1994,101,2.288521342416738
1422,1020,1617,140,2.248060911278009
1422,1436,1493,159,2.6435808138422527
1422,1387,1702,155,1.0880541144359395
1422,839,1474,140,1.2296559755140692
1422,923,1357,127,2.7227351294934437
1423,1460,1931,122,1.583587624315588
1423,1195,1088,113,1.8053009834495253
1423,1122,1812,118,1.67331061251197
1423,1379,1039,100,2.2809700273571583
1423,1034,1679,187,2.3969667511267776
1424,1276,1116,177,2.168632071237621
1424,1410,1662,109,1.8873110943660314
1424,1470,1895,149,2.721381526537615
1424,545,1881,161,1.3251390461739434
1424,834,1024,199,2.244170826226365
1424,642,1468,193,1.2116945956649785
1424,1375,1403,165,1.017616465842346
1425,586,1808,127,1.297106678627294
1425,553,1294,123,2.749191931078723
1425,514,1037,177,1.124458172070083
1425,809,1175,105,2.966843765464697
1425,675,1910,176,1.4234974366643718
1425,1322,1255,173,1.6861414012094949
1426,583,1487,155,2.484272329673323
1426,1233,1188,151,1.1669270599902608
1426,955,1743,100,2.569219868967218
1426,796,1677,139,1.4448577253304555
1426,1303,1581,101,2.1869371748170243
1426,847,1099,116,1.884258919011527
1427,1132,1859,151,1.8798642419405522
1427,954,1410,109,1.397168716575826
1427,950,1487,170,1.9102122443614291
1427,1204,1898,192,1.1570578208765376
1427,904,1813,146,2.7766068603499923
1427,1441,1026,183,2.54783740022064
1428,738,1350,127,1.3267897060581633
1428,979,1151,141,1.8238052965724143
1428,597,1197,157,2.876453739514093
1428,691,1716,197,1.8559675147157695
1428,569,1508,136,1.365298768373495
1428,811,1887,194,2.2608423897597776
1428,1220,1005,137,1.9472973833040348
1428,503,1607,166,1.7165403633294023
1428,791,1984,116,1.1969867539044847
1428,633,1603,126,1.3326786338921222
1429,706,1654,105,1.1527077014658293
1429,1107,1899,127,2.881300253996489
1429,1082,1990,177,2.407406369136586
1429,817,1612,124,2.9225334392615254
1429,741,1651,167,1.0034831382595557
1429,993,1462,188,2.466928006418259
1429,600,1712,125,2.3685425200957173
1429,1386,1257,136,1.0930941636886107
1429,1186,1990,105,2.6379154942028844
1430,994,1549,118,1.7047922352700544
1430,1276,1753,113,1.795301333531841
1430,602,1455,120,1.8030458504929194
1430,554,1324,130,2.1006531824026755
1430,1124,1646,138,1.8736860154918387
1430,1041,1067,191,1.8235479829745755
1430,1240,1148,168,2.461595517954966
1430,1262,1651,188,1.492648994323397
1430,1288,1402,110,2.739227088964417
1430,958,1869,113,1.850897931374005
1431,1455,1484,194,1.161997770414413
1431,1477,1562,179,1.4378175347549207
1431,1439,1086,142,1.032167971242551
1431,990,1516,125,1.2389184298262061
1431,571,1082,159,1.4735773352958068
1432,715,1616,188,2.4185662646100923
1432,1139,1451,130,2.5023571492821493
1432,1181,1271,199,2.9462452512945285
1432,1273,1786,167,2.548608165513407
1432,670,1377,190,1.7615506580574347
1432,968,1565,169,1.5873937928460344
1432,745,1105,126,2.384863275197309
1433,1159,1102,154,2.350745451959641
1433,760,1373,158,1.4470097534684783
1433,1175,1430,122,2.058941416299819
1434,717,1888,190,2.9007693282191287
1434,1424,1522,162,2.070545330483654
1434,1221,1283,188,2.879490007656341
1434,1471,1668,171,1.4752362859258887
1434,1491,1027,120,1.1707700693260537
1434,1369,1338,112,2.717228022919646
1435,1031,1208,131,1.5182719981012511
1435,755,1864,195,2.177355727075656
1435,1142,1189,139,2.758420749417855
1435,604,1154,132,2.1541781437357153
1435,1290,1145,122,2.1381458998199845
1436,870,1780,179,2.705990863459359
1436,1332,1843,158,2.4649667412037015
1436,1236,1541,147,2.6880675082590937
1436,989,1390,102,2.758015541926889
1436,695,1563,154,1.0245880393495514
1437,1200,1763,131,1.9255611754227062
1437,895,1005,199,2.4196341248723003
1437,870,1866,175,1.0916081959349813
1437,821,1572,192,1.3535734842282567
1437,1303,1824,107,1.9703859666410164
1438,1397,1524,141,2.082043294794887
1438,1275,1404,103,2.563214176020887
1438,656,1675,155,1.5593313836502856
1438,1405,1442,155,2.0293947681325237
1438,1197,1784,166,2.520399232835522
1438,561,1484,127,2.1281420901719557
1439,1270,1787,129,1.7366256247414125
1439,1264,1946,103,2.542994994146145
1439,717,1402,112,2.835389826550516
1440,1301,1030,156,2.026425839309411
1440,688,1697,132,1.1948471502257392
1440,573,1553,138,1.647904579241758
1441,1056,1969,197,2.2293733483342386
1441,657,1198,139,1.548752314707998
1441,1278,1080,184,2.757934548019863
1442,894,1626,193,2.6359322579152615
1442,628,1673,143,1.9522078870960102
1442,1098,1822,148,2.719301287247332
1442,1190,1717,196,2.3292169226574844
1442,1050,1565,192,1.084759715855579
1442,1345,1767,114,1.8397682593323215
1442,1366,1807,180,2.177663492348013
1442,948,1896,150,2.852858625228224
1443,1192,1257,122,2.0245794827536585
1443,1432,1366,177,1.598398232139935
1443,1361,1665,183,2.7736826934968297
1443,1141,1453,146,1.4498463973614957
1443,824,1494,182,1.1631737400670825
1443,1385,1841,107,1.669553674908255
1443,608,1118,136,1.3034739781903653
1443,1431,1621,103,2.340047018780723
1443,670,1240,195,1.6472290067409014
1443,859,1270,116,1.268731510998983
1443,1257,1961,158,1.191805060224124
1443,608,1197,126,2.8245473606640497
1444,1294,1546,164,1.422753718563296
1444,743,1626,146,2.8889366363525655
1444,736,1564,140,2.322761740951236
1444,872,1700,111,2.980582620528352
1445,1172,1203,196,2.6734047118080246
1445,657,1951,130,1.862616700921379
1445,1256,1650,134,1.888897693386313
1446,1124,1034,120,2.631446218085472
1446,824,1750,157,2.501770737733895
1446,1176,1753,177,1.9562107396897204
1446,1301,1766,136,1.5860772765592757
1446,1001,1418,105,1.8895059221674395
1447,1117,1364,184,2.528876050494846
1447,1086,1672,165,2.0843920683043926
1447,890,1087,179,1.202568801598071
1447,964,1979,198,1.5700985470949689
1447,566,1061,184,2.578486120791788
1447,516,1108,105,1.4444116854037037
1447,1203,1683,192,2.954665506108642
1447,1084,1706,183,1.61257369413883
1448,1027,1993,157,2.974663291710307
1448,637,1462,140,2.3202205655302452
1448,1317,1509,161,2.0143710747213777
1448,961,1232,118,2.6362243369228935
1448,1131,1358,175,2.375210595693798
1448,1200,1967,157,1.3805248743929155
1448,707,1358,146,2.3354973998618376
1448,784,1039,163,1.8565449623239525
1448,1476,1657,114,1.2063112216767233
1449,915,1189,111,1.3335708660631043
1449,828,1613,103,2.7483231942858497
1449,713,1893,147,1.806014284864818
1449,1486,1636,188,2.591655332550114
1449,929,1583,118,1.071244492408975
1450,1206,1937,187,2.79827528275045
1450,1086,1949,193,1.5959686645571125
1450,796,1540,172,1.612464157566991
1450,1429,1514,156,2.104036148747776
1451,1490,1080,180,2.5088178448670417
1451,1438,1834,168,2.469085218935021
1452,1489,1580,107,1.0098218604993479
1452,1009,1288,183,2.52297306780713
1452,1264,1210,149,2.4368322078175684
1452,1375,1061,194,2.6467594647330803
1452,1148,1770,142,2.0586902445470967
1453,1297,1852,170,2.244881907157567
1453,1287,1476,183,2.978657280343309
1453,800,1300,142,2.5763636803715197
1453,801,1885,198,1.2181851195660351
1453,1312,1949,175,2.677476746935959
1453,971,1478,152,1.5524624972097996
1453,1009,1828,148,1.2834533073111043
1454,1384,1280,178,1.6422234308273334
1454,608,1926,134,2.6215586261530124
1454,1417,1261,150,1.5365944106524887
1454,1024,1063,141,2.3776488291752864
1454,728,1425,141,2.0108776515853517
1454,893,1525,130,2.1615174006996583
1455,1374,1995,196,1.5783678281175262
1455,1310,1349,112,2.460374095102579
1455,1368,1340,186,1.7265899582678517
1455,768,1331,150,2.4084596957480406
1455,1025,1886,167,2.6782691817915936
1455,1296,1878,111,2.557341737086322
1456,575,1237,142,2.602127821746499
1456,1357,1189,178,2.8886073004471546
1456,1458,1254,153,1.167635396965451
1456,1490,1506,159,1.9636617658678004
1456,1013,1452,155,1.169922703457931
1456,1254,1123,176,1.3686009865970594
1456,631,1980,137,2.177552179488032
1457,1109,1655,108,2.9596725367373913
1457,799,1390,124,1.5680334056450231
1457,929,1178,129,2.274040376423698
1458,1038,1319,151,1.6013930129288692
1458,963,1483,187,2.5558304309416604
1458,955,1658,118,1.826415063203213
1458,1049,1993,165,1.5451641366224296
1459,777,1416,103,2.311392457532335
1459,665,1470,192,2.2749422439864544
1459,1378,1357,167,2.356570677049857
1459,641,1303,147,2.8197030800211804
1460,608,1702,131,2.8967497116995116
1460,1127,1797,115,2.433732474433917
1460,571,1754,177,1.6258667251402266
1460,784,1448,163,2.8077304521143223
1461,773,1696,131,2.2715654190985797
1461,1372,1449,109,1.8985051505034205
1461,831,1188,133,2.9895408931390994
1461,1462,1284,151,2.8510925722804887
1461,738,1584,135,2.4767938982500817
1461,826,1205,122,2.1398011805527206
1461,553,1029,106,2.8309378622597885
1461,1116,1709,174,2.5506095700649185
1461,1097,1537,135,1.9409083256852049
1462,1022,1057,152,1.2895657079934704
1462,1286,1208,142,1.9673587654672515
1462,753,1994,125,2.6153054220445555
1462,964,1029,151,1.5590595973541939
1463,1206,1783,121,1.5427752905802277
1463,598,1021,158,1.9634155889896234
1463,1448,1895,126,2.867036463909688
1463,973,1224,115,2.516378345863928
1463,1020,1244,144,2.1298623837006057
1464,803,1150,182,1.687508721524928
1464,901,1409,176,1.0700261466565384
1464,867,1918,189,1.5564740780928286
1464,682,1988,117,2.1344878401741605
1464,630,1519,169,1.928766475842603
1464,814,1481,113,2.5255544665755165
1464,670,1968,161,1.6578376842964324
1465,968,1131,139,2.5674854122454303
1465,1141,1085,164,1.5945910896743
1465,1287,1185,124,2.0974002168426997
1465,1422,1538,100,1.5410568631983723
1466,718,1477,101,2.7753177256851735
1466,1333,1728,132,2.6057391031823363
1466,624,1876,196,1.86557893578402
1466,1021,1091,167,2.7063775267680823
1466,1003,1346,170,2.9480583612273144
1466,1044,1092,194,1.923558841344929
1466,1212,1939,155,2.1734313936354868
1467,729,1127,136,1.701763826288012
1467,677,1443,104,2.95581760675932
1467,1430,1856,173,2.427099574542071
1467,996,1385,191,1.8888837523151771
1468,1128,1160,165,2.584002389983
1468,568,1034,111,1.2595938091625598
1468,849,1502,101,2.9180647650462754
1468,1350,1800,194,2.301172692656495
1468,604,1045,119,1.6241695900361424
1468,564,1619,175,1.3672610195358537
1468,1063,1631,167,1.2853126959273504
1468,1156,1743,102,1.844988269559376
1469,1014,1022,170,1.6553961978692726
1469,1359,1978,145,1.639257440685068
1469,666,1009,190,2.800587934214229
1470,1200,1466,105,1.9886619769512432
1470,512,1589,131,1.105710078038309
1470,640,1692,197,1.0942048974809517
1470,829,1758,181,2.4173490656520613
1470,1405,1808,134,1.2504959608594326
1471,976,1249,178,1.0453873230945097
1471,821,1895,148,2.513889171832988
1471,801,1755,109,1.5071241606340673
1472,678,1844,113,1.8171986882033475
1472,918,1387,136,2.1479871110002073
1472,1276,1192,136,2.9021277790341244
1472,1072,1382,130,2.491358872364902
1472,643,1739,101,2.8312187480821898
1473,1150,1411,100,1.3010618934276772
1473,1057,1427,101,1.540527945022133
1473,1102,1907,193,1.0480447997988136
1473,1372,1727,175,2.22675619999411
1473,968,1312,192,1.6302580628370316
1474,823,1115,137,2.3936682812473933
1474,1291,1774,189,1.1277303270068437
1474,1407,1741,128,2.783935184248393
1474,1039,1389,100,1.9226716860214617
1474,1076,1729,169,1.9554130216209669
1474,1100,1881,179,1.3234009011663024
1475,1237,1246,125,2.3910115801259395
1475,1098,1088,163,2.0395589275191037
1475,1012,1406,106,1.064800388098574
1476,1085,1353,104,2.9288525434917974
1476,583,1641,123,1.1370461111542673
1476,920,1669,155,1.3584299093538728
1476,1161,1398,152,1.240925045301949
1476,646,1667,149,2.36035859645051
1476,845,1557,135,2.7839651171099824
1476,635,1761,156,2.1198074811320664
1476,1066,1616,102,1.8970817863782963
1476,975,1970,178,2.0717804830157647
1476,800,1697,164,1.7969958475500338
1476,1387,1221,125,2.69642649237429
1476,916,1505,108,1.1020919845757668
1476,896,1661,117,1.1423976421762825
1476,693,1507,187,2.8886706476883597
1476,533,1887,124,1.6045119167059123
1477,1247,1922,146,2.13146796537069
1477,1290,1304,199,2.6556856637382755
1477,1257,1897,124,2.8792533501821
1477,753,1781,142,1.7441398041865221
1477,504,1698,100,2.5256514834891437
1477,1393,1474,192,1.9170023414463635
1477,1271,1098,139,2.737125005271392
1477,1493,1708,122,2.947977065363716
1478,603,1326,112,2.5120113792520855
1478,1188,1927,145,2.9943242185354713
1478,1002,1257,170,2.5980929767706353
1478,549,1425,160,1.5664189475629786
1478,1203,1057,181,1.6088668928100611
1478,1423,1451,142,1.1856865510982428
1478,1268,1435,141,2.745549505998012
1478,795,1030,130,2.1950858762747627
1478,1154,1953,181,2.4708525359585405
1478,1323,1974,156,2.343948571257023
1479,599,1135,173,1.2085513019995204
1479,1018,1465,131,1.5219925472886455
1479,902,1803,139,1.9264765632663658
1479,587,1051,107,2.9057745471209024
1480,647,1055,149,1.7481088304701744
1480,1119,1595,188,2.41823914692856
1480,1305,1969,115,1.0548954675964108
1480,1428,1374,140,2.683134096237623
1481,1445,1733,116,2.0779689467361546
1481,850,1811,155,1.9625018001603545
1481,1460,1440,145,2.292908553219012
1481,543,1237,107,1.8118342736775084
1481,618,1211,167,1.0690079523796256
1481,1216,1327,164,2.4872473707567355
1481,543,1977,107,1.1374789948355397
1482,1105,1529,171,1.7106338891025679
1482,1053,1344,191,2.6273359976671986
1482,1285,1856,173,2.4107353999900654
1482,1119,1416,126,2.4916164607134235
1482,1156,1659,139,2.602186049218558
1482,1101,1537,109,2.989489599523215
1483,748,1522,150,2.151081379517031
1483,931,1368,123,1.6498949158785619
1483,1193,1433,141,1.508635752726687
1483,1127,1853,146,1.7427537423431094
1483,535,1929,100,1.6453235477077581
1483,756,1316,103,2.300590605229095
1484,1487,1439,131,2.3508739009238795
1484,513,1810,153,2.1833249962859007
1484,544,1091,127,2.961701631500198
1484,1209,1631,116,1.0310026878489897
1484,706,1980,135,2.4590964558642767
1484,1285,1518,160,2.191178011886632
1484,1361,1406,173,2.509673884572584
1484,922,1369,194,1.357508781179748
1484,634,1149,144,2.2813136618488916
1485,649,1093,154,1.0995089259416992
1485,1356,1238,129,2.1753192917116153
1485,692,1995,139,2.6290048596949913
1485,834,1814,173,2.554902304893978
1485,743,1165,156,1.8312707543229116
1485,811,1992,189,1.6039239866692803
1486,1272,1239,101,1.5247217585059833
1486,1289,1075,148,1.5239695369574506
1486,1463,1222,139,2.4815700577531468
1487,1110,1853,184,2.494283599103146
1487,919,1655,141,1.0883166351538034
1487,723,1884,178,2.564476373687006
1487,625,1084,116,2.975490907875673
1487,618,1875,170,2.141592871486529
1487,521,1730,160,1.7075682417399407
1487,1468,1153,197,1.649210386366811
1487,569,1100,113,1.7589690487586491
1487,1155,1568,171,2.520714402142028
1487,908,1887,158,2.0306275683930974
1487,852,1041,156,2.714829630052943
1488,658,1107,107,2.7769356470507454
1488,1252,1929,144,1.4442931526649818
1488,1197,1351,108,2.5405078310811007
1488,1077,1109,121,2.0437773937548416
1488,702,1318,126,2.330800169952693
1488,1099,1066,178,2.8996215067415503
1488,566,1787,121,2.9425694397596036
1488,731,1462,131,1.9421753251969798
1488,872,1821,184,2.7931719121357643
1489,1290,1252,181,1.294916114469196
1489,653,1834,150,1.5485725107539152
1489,1451,1760,122,1.8526462075751282
1489,879,1522,199,2.6879565583475626
1489,1021,1985,199,1.9461471406285273
1489,1064,1892,135,1.0286134900941302
1489,876,1155,101,2.8456580158064835
1489,999,1392,176,2.6008641826719234
1490,570,1350,128,2.6287550278381175
1490,1258,1152,166,1.6373430039260761
1490,503,1020,145,2.114421822271404
1490,678,1438,187,2.896458178867875
1490,960,1821,191,1.7644883331444465
1490,874,1457,178,1.4409250436532346
1490,1372,1840,121,2.666816695214542
1490,630,1530,100,1.3501689305187103
1490,658,1339,154,1.4679440551737264
1490,1121,1729,176,2.7653591934190427
1490,537,1794,104,1.0755781065768264
1491,1091,1575,174,2.8874316532787674
1491,654,1883,163,2.973120129583771
1491,926,1011,156,1.36918343076562
1491,1248,1775,178,2.8229375960185945
1491,968,1066,137,1.0905882057174792
1492,946,1931,189,1.864213620944686
1492,608,1225,192,1.7446923551148068
1492,1325,1398,114,1.747275857792284
1492,1399,1063,119,1.1068327575274726
1492,1253,1275,119,1.6392815464136077
1493,787,1278,117,1.4493272051675756
1493,636,1620,152,1.99623093053919
1493,1363,1739,194,2.6050781345418517
1493,1077,1302,141,2.9090085118200175
1493,1287,1981,177,1.1477081031417442
1493,734,1513,151,1.5399066558064851
1493,740,1674,166,2.2121473271485472
1493,950,1399,171,2.870473470246119
1494,1472,1591,189,1.7356452086123042
1494,1032,1695,131,1.9911100057983955
1494,1294,1237,138,1.0787897855930515
1494,707,1552,112,1.2537488345971597
1494,687,1429,155,2.1855175573706935
1494,828,1156,164,1.7961986176711338
1495,777,1549,175,2.952157555879657
1495,1062,1960,118,1.6088733630834056
1495,795,1052,166,2.049142507397727
1495,1172,1520,127,1.7369255510401438
1495,1163,1627,108,2.7609938638942504
1496,625,1616,108,1.6018075620653025
1496,1251,1755,121,2.975233217280855
1496,1220,1130,112,2.8927550680746936
1497,1269,1842,188,2.5056517000734333
1497,935,1633,128,1.653177118856516
1497,912,1235,179,1.321802132806257
1497,685,1631,103,2.4678652742461535
1497,857,1224,124,1.046841842983375
1497,1075,1553,140,2.398268925866508
1497,760,1397,104,2.924070375921641
1498,666,1438,119,2.6100319396639
1498,1447,1819,173,2.458763047267816
1498,842,1000,163,2.533398631299845
1498,1127,1572,179,1.6546785420103924
1498,1053,1655,137,2.44488113079203
1498,1277,1359,171,1.5971192149232039
1498,1145,1019,154,1.6080841700922393
1498,955,1741,188,1.6580965882775272
1499,1384,1194,174,2.535216361100285
1499,1277,1972,116,1.9354055242773751
1499,1246,1745,114,1.2524923716527283
1499,1265,1306,146,1.8657964051098708
1499,1125,1699,138,1.0422245546695448
1499,1458,1801,130,1.7440382146014906
