35100,1459,1393,112,1.2937819486175937
35100,1278,1337,188,2.0270620959675494
35100,942,1907,101,1.248077490070995
35100,572,1302,192,2.8579242597243635
35100,1443,1952,185,2.153400382379173
35100,607,1794,181,1.7730349740520375
35100,563,1847,110,2.4493684497165935
35100,1498,1428,143,1.6912750150790465
35100,1276,1044,198,2.8659582298604853
35101,1331,1955,167,1.607701585044719
35101,1182,1201,192,1.2354456747618496
35101,1483,1798,115,2.065205967163392
35102,998,1697,138,1.3111869985915088
35102,738,1217,146,1.5222048290635843
35103,1336,1765,164,1.749600936359087
35103,800,1080,190,2.824242458291753
35103,1101,1068,136,1.7816394787191712
35103,582,1842,183,2.998526457461188
35103,1013,1120,127,1.7796919744374704
35103,645,1701,171,1.572417743450558
35103,780,1813,116,1.4345115549838117
35103,916,1923,121,2.6963110467545124
35104,1129,1570,145,2.501338955010297
35104,1177,1796,198,2.371933580399811
35105,881,1584,182,2.657752793732591
35105,987,1229,127,2.8240185404657727
35105,820,1935,151,1.2198459428398931
35106,767,1791,157,2.7477129868661203
35106,942,1241,191,2.8534204770310687
35107,1268,1390,148,1.5657881042837891
35107,1239,1697,159,1.4384625440639083
35107,527,1368,121,1.071273333884119
35108,812,1600,145,2.974311254063977
35108,1172,1395,173,2.4020121833090324
35108,954,1670,110,2.700874679534603
35108,1173,1083,119,1.5321144883014837
35108,982,1110,100,1.3912979938285004
35108,571,1178,105,2.0248494008862465
35109,863,1163,183,1.4138757099562471
35109,963,1423,130,2.988279602474767
35109,1171,1130,161,2.9761059691482865
35109,1299,1099,152,1.613339350883221
35110,1088,1334,168,1.7723564932020557
35110,857,1556,146,1.821464902509426
35111,856,1859,186,2.9405838002096045
35111,1466,1698,175,1.7464090202117797
35111,994,1573,117,1.2839267714733775
35112,1096,1334,105,1.0882254042307458
35112,567,1155,184,1.0359617448630902
35112,669,1833,142,1.5841556866132827
35112,1125,1432,109,2.057015873842372
35112,536,1065,173,2.302976219189336
35112,757,1238,101,1.6775562639750519
35112,999,1519,169,1.9974852726472174
35113,1219,1607,119,1.281394535383137
35113,1387,1485,166,1.0599478668001676
35114,722,1915,106,1.2103912961785246
35114,1077,1658,195,2.5927336070687006
35114,1188,1722,118,1.3625050967317358
35114,747,1013,178,2.592504846340447
35115,722,1188,174,2.249481914632921
35115,1086,1143,175,2.5875008482807846
35115,1190,1167,182,2.6403162766661312
35116,962,1353,103,2.7518091581875055
35116,736,1353,156,2.053039361650694
35116,556,1324,161,1.3749391509805118
35117,846,1478,163,1.4527848911278938
35117,1404,1143,176,2.717083075311601
35117,1194,1629,195,2.061270596618578
35118,703,1470,148,2.2009687937926037
35118,677,1325,186,2.052395665600123
35118,1451,1690,134,1.8702972846124932
35119,1163,1014,183,2.604813897657315
35119,642,1686,105,1.1597809476071474
35119,922,1167,145,1.588730643266949
35120,522,1378,159,2.2852786350907586
35120,1153,1881,141,1.7906623469041394
35120,1166,1197,155,1.232346029841367
35121,873,1653,169,1.9602911081885324
35121,1123,1947,139,1.007089584012106
35122,758,1689,144,2.925727304503134
35122,819,1516,195,2.5665579626919293
35122,1381,1191,108,1.4960755534645875
35123,885,1792,161,1.8532260409708277
35123,1452,1603,164,2.0649498133297293
35124,960,1613,156,1.6750410312943058
35124,1157,1992,149,1.7749910229210313
35125,1481,1556,181,1.2359516674624305
35125,1417,1493,164,2.51831085488743
35125,1187,1551,132,2.6673280936530874
35125,1383,1232,117,1.4897421139482006
35126,1456,1454,197,2.5334536543467747
35126,1343,1181,193,1.26207510152012
35126,809,1390,147,2.4024849303290106
35127,1466,1547,154,1.529474517611153
35127,1194,1719,159,1.781043039367979
35127,535,1543,110,1.5374311070873181
35127,1151,1602,126,1.8257451018312083
35127,764,1251,128,2.191797124944045
35127,853,1186,107,2.0997861348354556
35128,1225,1352,183,1.1732660535574424
35128,1084,1260,144,1.9419812132152827
35129,712,1931,176,1.275755916862162
35129,1496,1216,155,2.3205745460545826
35129,1213,1412,119,1.765598036093208
35130,988,1661,104,2.5159806952235506
35130,1392,1936,114,1.0009735385587393
35131,534,1975,166,1.5848509570448603
35132,1033,1752,107,2.935435681414928
35132,1249,1441,151,2.2215331107148675
35132,927,1505,113,1.1584098558897242
35134,587,1623,102,2.332935242622255
35134,531,1119,184,1.7896747100653576
35134,534,1342,199,1.562279356633147
35134,710,1929,144,1.2336312037914918
35134,948,1455,119,2.6366920079283287
35135,615,1366,155,2.9053705670858165
35135,893,1184,190,1.9459228628818974
35135,1370,1014,161,1.91611892530338
35136,700,1182,104,1.0107596368848801
35136,1409,1750,199,1.896222927868985
35136,654,1217,165,2.234045868272809
35137,1398,1469,115,1.875907731470965
35137,822,1717,196,2.1088079962850608
35137,1043,1238,127,1.0137612094194752
35137,1309,1102,116,1.0160459423199855
35138,1280,1078,191,2.407721451011958
35138,1469,1519,108,1.0400288357894056
35138,977,1994,120,2.655381938803731
35138,1213,1929,133,1.911461085688202
35138,810,1832,136,1.2331373425732555
35138,1367,1561,160,2.1377367786505532
35138,1238,1609,104,2.8782784961052577
35139,1208,1226,160,2.2385054511478866
35139,1406,1784,191,1.102478797341544
35139,1289,1866,144,1.733253410416038
35140,1384,1031,190,2.752006473655677
35140,531,1990,129,2.783066523630307
35140,831,1914,189,1.8096864914549429
35141,1379,1330,119,1.3466459483513964
35141,1149,1972,105,1.0112808925536179
35141,1498,1647,162,1.1225320673418766
35141,1145,1678,181,2.97412458666902
35141,1307,1172,184,1.3467794802926358
35141,539,1881,169,1.5435993667885137
35141,1336,1406,113,2.2719670038417425
35142,1366,1794,134,2.233942287824214
35142,1048,1281,151,1.103131938126282
35142,1091,1053,173,2.0476541696780015
35143,655,1217,137,2.0674465674933966
35143,1065,1153,164,2.8516542638587223
35143,1162,1869,179,2.2500302425208956
35143,1077,1542,190,2.5757616627666784
35143,660,1062,110,1.2329790286343623
35143,777,1620,197,2.223175745167603
35143,1427,1663,181,2.40452865194393
35144,983,1923,165,1.6819631290221764
35144,876,1352,185,2.4964331893900575
35144,717,1775,170,2.3726162268360467
35144,805,1867,185,2.7487713807038268
35144,723,1193,104,1.7605574146822063
35144,1247,1226,107,2.067875930634229
35144,930,1614,136,1.38355233438185
35144,1043,1531,134,2.4129817370191655
35144,503,1163,170,2.760379101373674
35144,679,1483,139,2.1483893511789507
35144,614,1218,115,1.56709299819094
35145,1085,1737,169,1.0068985815401106
35145,1132,1317,178,2.1348454901376224
35145,687,1150,133,2.2816378173724976
35145,912,1301,146,2.368947484791064
35145,1475,1707,114,1.0729799432889386
35145,1133,1475,103,2.770574869633428
35145,826,1289,183,1.5218456395666669
35145,1244,1973,118,2.307375294431398
35146,1467,1980,141,2.7570703196374566
35146,1323,1907,118,1.4275112940857264
35146,734,1037,128,1.2922769671056156
35146,502,1293,104,2.0358829151237967
35146,821,1298,136,2.097346486922586
35146,1484,1934,134,2.5658232326096333
35147,930,1879,183,2.9645196654079697
35148,1300,1738,172,1.9031185548749103
35148,1360,1868,178,1.898190252298
35148,730,1113,148,1.815502155480038
35148,884,1031,132,1.3434224925229032
35148,1165,1419,170,2.5448092259719903
35148,1440,1143,133,1.9976861189999195
35149,1039,1498,170,1.9301916401177064
35149,1208,1975,175,1.8413640275853602
35149,1265,1448,195,1.65903166363792
35149,951,1872,166,2.305370541878466
35150,1262,1135,109,2.776092567653731
35150,778,1023,174,1.2488927236141245
35151,757,1781,128,2.771927430377834
35151,627,1804,153,2.305762942957717
35151,1188,1360,181,1.954446347004331
35151,561,1187,173,2.5373982873116887
35152,750,1171,197,2.958322132671593
35152,1477,1346,187,2.3646089120652243
35152,1478,1598,113,2.001578344412128
35152,1234,1579,123,2.5580603350606292
35153,1167,1927,197,2.7091914232312235
35153,745,1849,163,1.1732087423909856
35153,1277,1775,148,1.9671242371523765
35153,598,1885,160,2.9179236849433234
35154,798,1393,140,1.8598471498022013
35154,1181,1037,157,2.4884709614267773
35154,1244,1335,113,1.958429862453343
35154,805,1836,111,2.8288055742029443
35155,1185,1908,197,1.4981477327583426
35155,1029,1186,154,1.1944635816472673
35155,1139,1202,129,2.3108031267722677
35155,866,1352,108,2.1403521616586048
35155,835,1884,114,2.9371574170202166
35155,1450,1483,111,2.48940848383649
35155,742,1685,184,1.2097227048757122
35156,899,1459,137,1.3185033133745363
35156,953,1304,107,2.6729196671956323
35156,937,1188,175,1.9763497077396242
35156,1015,1605,190,1.76167776642649
35156,993,1059,170,1.7330341287149102
35157,1152,1410,137,1.8601970239023322
35157,656,1107,168,2.8143889719245174
35157,1160,1740,104,1.000915362068007
35157,995,1299,195,1.9057752822443035
35157,1089,1447,152,2.3541930162127027
35157,877,1373,134,2.2654623013780752
35158,790,1386,116,1.146480855538858
35158,1139,1663,131,2.1461439076583084
35158,523,1792,174,1.7403984264862902
35159,1314,1131,118,2.3894859471476377
35159,1127,1732,148,1.5849246906353898
35159,988,1664,173,2.6598770532151406
35159,746,1239,169,1.3981040468435528
35159,1104,1341,123,1.27292784496475
35160,733,1364,117,2.5564150535666
35160,1034,1233,180,2.898650975649997
35160,1247,1186,119,2.935954956531207
35160,531,1948,180,1.8481627255811803
35160,664,1285,128,1.0279302072448941
35160,1442,1272,193,2.1127322346601076
35161,513,1644,108,1.1161018778479943
35161,953,1232,197,2.889091456236335
35161,1125,1727,155,2.1536108934590943
35161,1399,1063,183,2.3134114959495675
35162,576,1557,182,1.06921532007142
35162,1015,1021,130,2.4508677713145
35163,647,1433,181,1.2744942811169102
35163,663,1797,117,1.9648661646925947
35163,800,1450,100,1.613743240964795
35163,1081,1427,116,1.2527853848101598
35163,783,1543,194,1.488131727602866
35163,1121,1174,130,1.7115990302686603
35163,1455,1733,196,1.9853231353863625
35163,979,1999,163,2.351268456726956
35164,535,1805,139,1.671416999243211
35164,688,1105,128,1.366600102302084
35164,1480,1414,101,2.1531632010793915
35165,880,1941,149,1.5893919463661519
35165,1050,1784,172,2.7721651147494972
35165,1472,1438,113,2.4577898801283578
35165,1195,1578,173,1.399774220300674
35166,996,1099,129,2.7867528393640466
35166,1432,1781,149,1.029148722319897
35166,961,1564,186,1.4488509694247038
35166,1451,1894,153,1.5739869108800133
35166,707,1410,182,2.829177717814
35167,1230,1533,138,2.418574522474144
35167,1413,1790,177,2.55538226482381
35167,1417,1144,197,2.6193504171900153
35167,938,1407,164,1.0848261313726095
35168,807,1187,150,1.4692720349131287
35168,1306,1185,193,2.5357913719876244
35168,702,1722,102,2.3149487386426326
35168,867,1841,187,2.0248422566707456
35168,1156,1336,118,1.2629790227766415
35169,804,1067,117,2.892935203972688
35169,690,1589,187,1.6278155767116582
35169,587,1586,123,1.7796895802402124
35169,592,1470,110,1.2405762321080214
35169,1387,1638,149,1.6700012349091402
35169,1191,1178,179,2.3211615334641005
35169,1059,1047,155,1.3309762310162345
35169,594,1820,120,1.4569289844801345
35170,755,1700,190,2.3037644169037392
35170,1361,1082,104,2.3378290545871554
35170,1088,1585,179,2.3682947319230103
35170,1440,1700,103,2.1182458193187736
35171,1115,1977,153,1.8402699112446421
35171,1402,1876,164,2.2278728855384755
35171,1266,1415,139,1.1009086339078398
35171,592,1402,197,2.8939235337259737
35172,1325,1566,131,1.6054177322723584
35172,1026,1554,103,1.2627858587573937
35172,1284,1553,132,2.3232305034523666
35172,1459,1531,156,2.9843457285004815
35172,1408,1707,116,2.623155882381048
35172,1360,1884,113,2.7203965095354112
35173,647,1973,180,1.757532707166731
35173,675,1297,118,1.164480604406722
35173,835,1999,134,1.2225731366211106
35174,1279,1001,106,1.5841966466559998
35174,671,1990,116,2.5171598437468328
35174,996,1377,144,1.319423184643735
35175,1019,1116,197,1.789506853325504
35175,742,1745,193,2.224467887143449
35175,1149,1706,103,2.286209210253821
35175,549,1898,103,1.8718120354262962
35176,1211,1208,190,1.6176262893770341
35177,605,1883,111,1.886071073600876
35177,1024,1367,152,2.6018899418250125
35177,542,1694,154,2.452628365432775
35177,505,1598,175,2.097718104577165
35177,1437,1764,171,2.8893961845801623
35178,866,1019,139,2.9102678738804384
35178,1080,1738,148,2.8977262884184913
35178,1354,1610,195,1.9945778545082715
35178,1460,1815,121,1.7614764735446873
35178,946,1811,140,2.335953883855627
35178,863,1232,157,1.7835096062422249
35178,1318,1572,196,1.5201165615498087
35178,1455,1066,158,2.312428692973922
35178,1422,1737,188,2.4281004955412744
35179,1458,1622,144,2.804893847010698
35179,1398,1315,153,2.1647687474402177
35179,1362,1662,148,1.6180306760185532
35179,1196,1509,167,2.7674702938858458
35179,1118,1573,197,2.523558766435626
35180,545,1227,148,2.8672266126919874
35180,636,1386,191,2.6223839753713465
35181,1112,1607,117,2.8317597348707215
35181,1439,1002,165,1.604796844509235
35181,1300,1718,188,2.057847032232286
35182,1087,1901,173,1.190297192256391
35182,1308,1935,146,1.9606241631451882
35182,804,1127,178,2.0849497020823113
35182,1310,1605,137,1.985005450996829
35182,1455,1637,143,2.9515620699441776
35182,1368,1845,198,2.744016648883945
35183,1322,1213,150,1.8282671302164675
35183,980,1856,186,1.6628262547228476
35183,1447,1830,194,1.1628939135977294
35183,1247,1441,180,2.9623255636757735
35183,564,1530,176,2.5501269592154943
35183,940,1671,108,1.968464904768143
35183,877,1447,124,1.6994809137863824
35184,1004,1761,176,1.1333269861278008
35184,1273,1256,147,2.4845335392999037
35184,1072,1672,181,1.951359643234724
35184,563,1455,153,2.865516610031465
35185,1043,1889,117,2.4912723112294506
35185,1167,1331,136,1.1306104889839173
35185,1469,1015,131,1.3616002120581376
35185,911,1921,199,2.7989913265682107
35185,525,1765,136,2.6507735171978433
35185,796,1113,128,2.365279449241095
35185,901,1764,111,2.2487862328519537
35186,653,1012,120,1.235595830594401
35186,1153,1173,169,2.2686537255602923
35186,1440,1588,186,1.1645342447648768
35187,1454,1067,140,2.9416170741677865
35187,684,1080,159,1.433377467855056
35187,878,1421,190,2.1291209774653703
35187,1124,1334,151,1.3907600421303195
35187,1350,1042,175,1.532381751112828
35187,626,1533,123,1.568888443241884
35188,1295,1844,182,2.1021657778360203
35188,1273,1925,172,2.159028168892198
35188,1027,1179,134,2.2034043442989173
35188,898,1890,106,2.7440397909007457
35188,1480,1326,114,1.4418168705279575
35188,894,1370,138,2.8061725683134076
35188,677,1367,176,1.0652098249994923
35189,1148,1895,199,2.1631859666723425
35189,1393,1049,125,2.609324905547403
35189,1001,1445,158,1.8345202964425242
35190,658,1447,159,1.770557309838227
35190,692,1415,150,2.843804641239487
35190,1481,1303,136,2.0760474839504677
35190,1139,1528,159,1.7552374827344148
35190,1306,1176,186,2.109134871422194
35190,1191,1848,116,1.739439507516032
35191,1163,1619,119,2.32239744860017
35191,560,1730,157,2.5307717500819757
35192,797,1575,155,2.479798201210334
35192,1244,1952,175,2.9144385109476914
35192,1376,1357,165,1.669581571306866
35192,1367,1165,157,1.925992080633888
35193,550,1363,161,1.079633660770174
35193,511,1713,106,1.1240558367576319
35193,772,1435,174,2.932072164264496
35193,1364,1315,125,1.6572270394391415
35193,626,1047,120,1.2411778809918441
35193,1389,1717,198,1.9037952659281292
35193,1115,1510,187,1.6367110639311893
35194,706,1540,132,1.523118939238394
35194,609,1478,199,2.2168524979964537
35194,1039,1608,161,2.3755506193203217
35194,777,1874,133,1.3830989698476972
35195,1064,1251,116,1.0197431861983923
35196,1382,1185,135,1.3916497473712777
35196,526,1412,128,2.2971160404310944
35196,628,1527,125,2.532090673283027
35196,1093,1098,192,1.2513013590762796
35196,848,1429,162,2.7987218022326035
35197,933,1212,130,1.5423353989339574
35197,1316,1504,105,1.8545449623056351
35198,510,1574,119,2.625246466295309
35198,1280,1956,166,1.6084172544791988
35198,522,1842,111,1.6777742282424357
35198,1008,1714,156,2.6242985535584102
35199,552,1324,122,2.777316885612155
35199,1372,1922,146,1.8442540598715913
35199,1256,1132,159,1.6894678627609498
35199,573,1226,150,2.9822120799960317
35199,729,1096,198,2.7616226291486403
35199,741,1315,142,1.3171117510491483
35199,635,1915,177,2.62020746554498
35200,1374,1529,166,1.0659281816230608
35200,997,1408,180,1.207767085191874
35200,739,1042,147,2.4073244333452797
35200,998,1063,147,1.3839796580872996
35201,1386,1379,166,1.9191793744862737
35201,1096,1132,113,1.213484022226982
35201,792,1177,127,2.308604399211367
35202,1461,1343,109,2.0323545931642313
35202,1474,1746,184,2.3726287948063884
35202,1307,1363,159,1.3535094001771828
35202,1455,1263,124,1.0105087011896479
35203,1179,1401,116,2.8999430080164283
35203,1415,1148,104,2.773036581053593
35203,662,1634,102,2.147666022117427
35203,954,1315,122,2.817487526426302
35203,1495,1577,138,2.72806059044375
35204,991,1642,100,2.8248300597123546
35204,513,1471,193,1.0697053643831134
35204,1488,1826,147,1.6148611187404136
35204,1287,1253,193,2.8564515942056223
35204,1047,1256,137,1.4461044915018022
35204,697,1072,132,1.7746655097385093
35204,910,1552,140,1.2592145008690117
35204,1049,1467,165,2.5570107667005173
35205,1439,1585,138,1.1769094385290104
35205,541,1987,109,2.500014389367869
35205,936,1872,133,1.1678875897420626
35205,823,1732,196,2.8425359321297163
35205,899,1020,142,2.7502218105748586
35206,1372,1091,182,1.5903817397382087
35206,738,1029,165,2.2203020375156637
35206,1148,1056,156,1.586342451842181
35206,616,1855,133,1.4071700206213464
35206,559,1489,169,2.6014658174696104
35206,687,1332,174,1.2644950872267053
35206,539,1900,149,1.7693170979014496
35207,677,1737,129,1.0226256649641303
35207,1450,1190,183,2.10853111513699
35207,915,1602,145,2.5604371330247933
35209,756,1125,150,2.7361628769961515
35209,1470,1514,143,2.799731375596319
35209,720,1799,169,1.283784940935644
35209,1407,1489,199,2.3090568009792127
35210,810,1968,128,1.620969119794132
35210,1330,1985,161,2.6464247988925997
35210,988,1085,172,1.8946019495128703
35211,544,1586,124,1.9903875953236196
35211,1096,1919,133,2.131508257021601
35211,788,1360,141,2.9651486245705216
35211,1352,1666,191,1.0738727291863845
35211,649,1718,146,2.871399197892389
35211,1083,1130,166,1.510150081452787
35212,1336,1177,183,1.0387817113190068
35212,705,1931,143,1.3465463304200789
35212,1103,1278,144,2.7756420606607035
35212,654,1803,183,2.9986727558961253
35213,1062,1496,130,1.093675104290918
35213,859,1995,104,1.5417173288319954
35213,780,1985,111,2.954469694814628
35213,926,1487,161,1.6526880002253082
35213,1497,1372,118,1.9284711307383462
35213,525,1511,167,2.451540825724514
35213,1237,1414,148,2.5740240030952144
35214,692,1730,119,2.1974311305073986
35214,1336,1190,131,1.6098691794435145
35214,1092,1138,172,2.275263985665185
35214,624,1288,135,1.529020670062939
35214,1384,1876,177,2.649610591125768
35215,569,1851,145,2.514885412691987
35216,877,1789,146,2.325847132727561
35216,1409,1807,174,1.8619635903520764
35216,1267,1256,104,2.570297803657088
35216,601,1687,109,2.1441607789513677
35216,1224,1003,106,2.2787414830668786
35217,744,1639,129,2.785280851175802
35217,955,1864,109,2.4601741199126654
35217,1355,1866,151,1.9171965781566362
35217,799,1387,196,2.4267558761719616
35217,826,1428,194,2.9909266375546752
35217,556,1436,110,1.7443260320121257
35219,857,1174,177,2.2230768227793565
35219,1486,1075,145,2.382652167836399
35219,856,1297,157,2.9313431146142683
35219,1022,1965,165,2.6174720107052467
35219,1338,1041,156,1.174621555178554
35219,957,1382,154,2.203042399878799
35219,1145,1991,128,2.9704927619421877
35220,1069,1278,111,2.368996208396874
35220,1043,1391,143,2.2185793669200864
35220,1250,1617,109,1.8680400975704057
35220,1079,1592,115,2.9321100953210224
35220,634,1725,141,2.2766203833027365
35220,638,1890,166,2.6993394910964637
35220,1461,1932,164,1.907724043815038
35220,935,1814,184,2.810222135324781
35220,1171,1759,167,2.058312390449851
35221,1272,1110,128,2.1227442006628654
35222,974,1152,101,1.622241697574044
35222,654,1732,124,1.2461784566536418
35222,1455,1807,169,1.0015182285722692
35222,1396,1483,107,2.9875203513337873
35222,875,1739,131,2.0742656593422852
35223,1285,1354,138,2.418795175166653
35223,1382,1653,180,2.4300905387059193
35224,1154,1103,152,1.7831158570011798
35224,1188,1430,187,1.167555253697577
35224,684,1240,108,2.5400486487392158
35224,794,1401,107,1.5573518624271534
35224,666,1643,112,1.2730594587453503
35225,521,1637,199,1.385815257640112
35225,1464,1198,127,2.9497598917408188
35225,1001,1964,176,1.0087763967047112
35225,841,1773,150,1.6267685602613988
35225,886,1313,117,2.3149607611088374
35225,1304,1851,151,2.6808413907216497
35225,1114,1768,159,1.733159950887874
35226,724,1060,132,1.2039920535987316
35226,1039,1562,137,2.6829563360529516
35226,884,1243,171,2.161728043383362
35226,507,1728,164,2.9438749184201667
35227,1387,1972,178,1.4469320150025746
35227,1431,1511,115,1.3677333098675182
35227,1164,1947,121,1.0550357698939772
35228,1271,1535,160,1.4175076170731595
35229,747,1753,127,2.098864749273765
35229,1152,1582,189,2.539432683674857
35229,1102,1205,108,2.3700022523904014
35230,1056,1615,136,2.5387689844853893
35230,1328,1661,172,2.6176076798184518
35230,586,1919,190,2.1954809087432183
35231,680,1791,159,1.4121321160427134
35231,801,1391,155,1.665372315226065
35231,1185,1625,190,2.0070124261769706
35232,1250,1504,169,1.442204550182975
35233,1271,1802,142,2.1982222307827306
35234,631,1832,190,2.8171416961609888
35234,641,1852,172,2.3055819112773075
35234,941,1368,159,2.7272558826714453
35234,825,1288,120,2.9219196413999953
35234,1193,1842,182,1.9033070627655064
35234,1359,1777,121,1.6823220617358
35235,793,1502,197,2.3066363772525134
35235,887,1581,154,2.0232667776273976
35235,601,1294,187,2.3019486593775147
35236,1280,1547,139,1.9315875918050411
35236,602,1719,167,1.45883305210797
35236,1034,1720,191,2.43847891993421
35237,1107,1938,113,1.0142540553010584
35238,701,1972,193,2.915534428145933
35238,1046,1919,176,1.7380745270726816
35238,1082,1806,129,1.3398452846097284
35238,810,1286,153,1.2787346519229672
35238,1305,1433,189,2.6279500613571334
35238,610,1794,145,2.2731483101028296
35238,1414,1070,103,2.7323791744339117
35238,684,1525,147,2.5500923177367443
35239,505,1644,145,1.877600833935914
35239,923,1477,153,2.2343771058696893
35239,675,1711,198,2.0037571035932604
35239,1360,1024,176,2.82377658288509
35239,860,1584,169,2.845893423322732
35239,1177,1793,151,1.8424396701784762
35239,549,1432,143,1.3060217073745704
35240,1417,1492,106,1.829030271136686
35240,1013,1667,113,2.5595635049266896
35241,1292,1594,182,2.4405448379812613
35241,519,1308,192,2.3438708166386193
35242,863,1455,119,1.3375492538099412
35242,1236,1971,110,1.617357362554983
35242,887,1645,170,1.582646290107003
35242,872,1438,161,2.6170470111002935
35243,640,1809,148,1.5869508332700022
35243,1379,1280,163,1.5976681302545273
35243,900,1176,134,1.9696736435573006
35243,1000,1782,164,2.3666222054705126
35243,606,1743,170,1.6899527872778128
35244,913,1067,143,1.937446779614215
35244,1170,1826,118,2.06463895793909
35244,697,1142,108,1.7142081737455799
35244,1179,1230,103,1.3441369352409083
35245,589,1913,157,2.8317194107967385
35245,789,1143,140,1.5104127390515758
35246,1110,1019,159,2.8002876815216102
35246,724,1823,114,1.898364156759486
35247,1284,1833,127,1.5572120844541621
35247,720,1740,146,2.394428247848387
35247,1471,1820,123,2.1371777490822237
35247,1382,1781,162,1.9470247536220202
35247,926,1303,164,1.3767609745270528
35247,631,1744,135,2.726724885307476
35247,744,1544,175,2.2032346006662413
35248,666,1676,162,2.655889978122774
35248,1135,1587,131,1.6965989977559734
35248,1256,1268,184,1.1554413053577552
35248,1071,1421,191,2.18791469749386
35249,635,1086,171,2.910990361097936
35249,880,1943,116,2.057787263326573
35249,1406,1549,192,1.9190571234133673
35249,718,1291,107,2.519856321661795
35250,1041,1151,143,2.5975927692765612
35250,1327,1180,185,2.8237535203194106
35250,1342,1835,193,2.3742179534847137
35251,1229,1875,171,1.0478962693576799
35252,539,1427,182,1.6356236398024482
35252,1447,1378,118,1.9852672759043197
35252,1485,1162,188,1.4472687903406887
35252,898,1883,184,2.499024501786132
35252,1009,1762,101,2.2857537427669348
35253,1137,1214,120,2.1024754681370457
35253,1032,1194,141,1.1917098460549402
35253,1435,1016,150,2.3604612472949618
35253,992,1746,113,2.2710628852221877
35253,753,1354,154,1.4039703741677867
35253,563,1525,185,1.51908646171501
35254,938,1907,187,1.3709788094142097
35254,1037,1950,168,2.534817866717261
35254,1069,1093,180,1.9373481612937915
35254,1154,1285,156,1.0273043444874086
35254,523,1602,123,1.6020701103406536
35254,943,1023,182,2.5502758159197967
35254,924,1723,160,2.163532339232456
35254,1433,1603,194,2.3536152063629165
35255,975,1380,178,2.0042856757089456
35255,813,1838,174,1.8198748371544093
35255,1447,1367,117,1.607009257404645
35255,879,1697,109,2.9111946962660498
35256,1393,1871,100,2.564544790625756
35256,626,1870,178,2.4266851221990335
35256,717,1792,134,2.059927535912779
35256,1108,1436,143,1.3992939039877432
35256,1341,1237,151,2.4419768272573643
35257,555,1519,115,2.1909749667388665
35257,1408,1403,189,2.240445019553264
35257,595,1992,183,2.5392515913368907
35257,528,1246,131,1.267569180173324
35257,1274,1990,171,1.389914669605934
35258,1029,1114,107,2.7564536007447744
35258,1136,1565,109,1.7294618259622572
35259,592,1929,148,2.511246807651313
35259,880,1928,128,2.9396610442247217
35259,942,1703,191,2.752865395475294
35259,869,1080,155,1.5252098810538806
35260,754,1513,127,1.4865966959896664
35261,1489,1662,135,1.115328764513591
35261,1090,1120,115,1.6959689811403464
35261,1328,1957,156,2.132028268740651
35261,771,1212,163,1.8769605842454873
35261,862,1490,144,1.2266112110850476
35261,562,1454,102,2.52822262884405
35261,760,1804,117,2.141664240224773
35262,523,1248,170,1.7169722654151915
35262,619,1932,175,2.707846518804038
35262,1263,1394,180,1.374618859861533
35262,639,1139,166,1.9276723625101198
35262,512,1731,198,2.7717187997139954
35263,1070,1979,107,1.8702778059049685
35264,597,1605,114,1.4261317353060314
35264,1461,1529,163,1.817429549397076
35264,736,1602,126,2.0206712281400017
35265,695,1463,132,1.3496150951536139
35265,1217,1499,181,2.4958749772833384
35265,1340,1199,124,1.1835815089930175
35266,1243,1547,186,2.7274601542526566
35266,677,1493,122,1.412205323658415
35266,1481,1299,119,1.0949063881778347
35266,1407,1613,101,2.4922403603031094
35267,1018,1290,157,2.7608544470160443
35267,956,1911,144,1.0615361013606919
35267,976,1923,194,1.158735472706679
35268,956,1072,127,1.3578647106773314
35268,1228,1526,180,2.950668161687993
35268,1020,1840,110,2.528116621724796
35269,1137,1123,147,1.5886820031321647
35269,860,1462,155,1.124347379520983
35270,1369,1277,145,1.4817911559272694
35271,1333,1652,174,1.1022183307204183
35271,1155,1578,104,1.7114812861410722
35271,1293,1150,141,1.7719727935259595
35271,1048,1117,105,2.344478336010157
35272,977,1642,132,1.014847663621964
35272,609,1377,105,1.947537043424118
35272,1087,1895,141,1.4203032059637024
35272,1135,1055,101,1.7277527953516876
35272,998,1928,151,2.3354780880895087
35273,762,1858,165,1.5148755725950582
35274,604,1334,142,1.2896222350155502
35274,788,1786,157,1.5153977999651986
35274,1074,1574,107,2.5305995326821016
35274,1404,1598,141,2.5223626227121363
35275,769,1689,133,1.8397230353729421
35275,981,1017,119,2.5608174578917726
35275,535,1357,167,2.3040690352898276
35275,1040,1683,158,1.9789498246510377
35275,801,1208,122,2.5980465062435187
35276,1396,1579,141,1.107900795523347
35276,1392,1581,141,2.365946353536776
35276,1355,1064,115,2.9186293627980833
35276,578,1690,121,2.377732589073587
35276,1157,1529,109,1.7299904078986836
35276,1293,1306,114,1.787358548573982
35277,1045,1537,144,2.4802850647010093
35277,895,1069,100,2.4080466839968984
35277,1340,1257,191,1.3864667746141608
35277,585,1792,196,2.479994451169179
35278,1296,1159,166,1.162717561562776
35278,570,1934,195,1.095709387464267
35278,1369,1085,162,2.5156653974524934
35279,1339,1400,119,2.304723116644193
35279,1441,1080,176,1.3880331098426748
35279,1150,1165,184,2.0532419840854423
35279,1274,1692,152,1.330211390267301
35280,674,1145,183,2.2723559259950608
35280,504,1588,145,1.4953805096240689
35280,678,1601,111,2.040252733509844
35280,962,1403,121,2.9812535706799883
35280,561,1948,113,2.3874542931068135
35280,1241,1487,133,1.9837622521701759
35280,975,1401,123,2.765001373591103
35281,1498,1550,159,2.6320388519054365
35281,1156,1345,173,1.0389107256152001
35281,508,1334,192,1.6322022348830665
35281,530,1005,165,2.718355580037409
35281,1475,1325,160,1.1319170858748795
35281,1159,1787,104,1.6811379767431858
35281,770,1923,126,1.0128731373730233
35281,793,1756,106,2.197340531330883
35281,636,1013,106,2.552123806338229
35282,1035,1845,173,1.5940919314293576
35282,1322,1068,198,1.8301121561173541
35283,1135,1447,166,2.728942432476387
35283,1257,1541,167,2.3110772588022845
35283,1050,1373,182,1.3071594308037608
35284,1182,1620,157,1.2831443054642047
35284,868,1809,114,1.410830757973075
35284,982,1897,164,2.82737622780954
35284,1476,1753,197,2.838178912549206
35285,1370,1081,181,1.5400063177145513
35285,1398,1869,121,1.2814138502012138
35285,836,1143,142,2.169592227685885
35286,1290,1440,158,1.0161937295589232
35286,618,1340,120,2.3605594279479867
35286,1106,1856,169,1.0948665909580053
35286,837,1162,174,1.1627750615590047
35286,705,1227,165,2.646221600262773
35286,520,1238,168,2.788532669993436
35288,1026,1825,181,1.1173237077707463
35288,566,1722,150,2.3885038434744255
35288,516,1270,127,1.2889109887795256
35288,1236,1941,144,1.364894100254313
35289,1423,1830,146,2.0581340346953807
35289,1312,1495,113,1.8135624309146618
35289,1070,1665,184,1.1726670260703624
35289,1217,1303,103,1.913426727903507
35290,1321,1517,193,2.415426287942415
35290,1498,1869,112,1.1022577692625544
35290,1219,1236,174,1.1239119908519142
35290,728,1956,111,1.5319908919445213
35290,1070,1075,195,2.4987411771362007
35290,1407,1311,149,1.5945048957802777
35291,577,1455,185,2.90618691854267
35291,979,1056,132,2.3027869813002835
35291,924,1102,164,2.886291504759934
35291,505,1621,110,1.4254707540023799
35291,749,1429,144,2.736517318911712
35292,949,1341,167,1.250913960514583
35292,1215,1728,155,1.6179277143907724
35293,850,1271,196,1.5550160577008543
35293,1008,1024,165,2.2242290654744927
35293,1402,1902,104,1.6381044708215051
35293,1038,1785,138,1.8597443799609663
35293,702,1561,153,1.0148623243288444
35293,1405,1953,163,1.7143492007115029
35293,659,1675,190,1.0442548539315402
35294,573,1251,104,1.2923225980559385
35294,1432,1673,106,2.3040255588868916
35294,811,1753,168,2.300505957170868
35294,1445,1620,143,2.435077068785117
35295,674,1255,169,2.3255559732287816
35295,1254,1806,190,1.4218600010800189
35296,1227,1688,171,1.2483656667663552
35296,963,1074,106,1.228127315423906
35296,1486,1630,195,2.7635197150838224
35296,514,1966,182,2.313464071597686
35296,915,1887,196,2.0410149972191043
35296,575,1835,115,2.043891008135664
35297,1070,1624,131,1.1553718714155898
35297,872,1980,139,2.073662961984626
35297,604,1650,193,1.6661876200719805
35297,1108,1171,133,2.2148800819487597
35297,738,1482,191,1.3913636414032977
35297,897,1369,141,2.641839750783928
35298,669,1354,157,2.6197761910869826
35298,515,1985,164,2.2932864699344884
35298,559,1262,112,1.6768471536332623
35298,903,1596,160,1.216713881430571
35298,1175,1551,126,2.954670314921922
35298,802,1561,165,1.1655574630185896
35298,667,1610,122,1.8851674977911268
35298,1251,1975,144,2.2923636993235226
35299,1179,1239,175,1.936759617504233
35300,755,1807,199,2.1288221899242634
35300,530,1070,151,2.885710142206319
35300,542,1464,133,2.5646948120268824
35300,752,1255,107,2.3328343616777243
35300,634,1346,156,1.2132358262130545
35301,1497,1324,108,1.7424042871892886
35301,577,1484,187,2.4266640205379337
35301,873,1436,171,1.9782968555147713
35301,1146,1411,146,2.2440313997500505
35301,1206,1556,167,2.8275298324520954
35302,891,1004,176,2.5528988387570184
35302,671,1528,188,1.0867197611910315
35302,922,1521,107,2.514914001199316
35302,1222,1820,125,1.5824489381218585
35302,1367,1649,159,1.8497574509913048
35302,852,1956,168,2.7316298326397486
35303,1290,1537,157,2.572129153111651
35303,1422,1836,101,1.0927789873425096
35303,1244,1416,109,1.5157743412484825
35303,1402,1985,103,1.905564141447402
35303,1034,1368,118,1.2562961035739282
35303,1303,1276,125,1.0855109159171024
35304,836,1693,134,2.398286060391225
35304,915,1765,179,2.210252201492477
35305,758,1954,101,2.320548820110159
35305,1319,1883,141,1.4821333215723538
35306,1190,1582,118,2.4983223684836977
35306,1097,1324,125,2.475704283843878
35306,866,1871,176,1.9129739797026009
35307,916,1032,173,1.9072237091518145
35307,1136,1599,131,2.039190900443365
35307,1408,1878,129,2.67461803658182
35307,910,1720,135,1.8578379660222304
35307,1049,1362,112,1.6763306798836002
35307,1261,1713,143,1.1443603547858463
35307,914,1258,136,1.7663930251379214
35308,741,1110,108,2.4098271211356153
35308,1345,1521,165,2.077153671830942
35308,887,1704,152,1.8837892099901397
35308,1480,1244,181,1.26586955886715
35308,935,1192,193,1.5063663769856195
35309,1421,1869,107,1.6974594991740983
35309,1243,1027,137,2.4330129989010887
35310,918,1167,108,1.4005181099242445
35310,1217,1515,121,1.9661992809087874
35310,1218,1674,167,2.319878515127233
35310,516,1217,121,1.9336481072436102
35311,1064,1741,177,2.482522011166277
35311,1355,1984,128,1.8003557365663274
35311,1024,1890,149,2.4522056033286406
35311,1001,1123,137,1.0906950850447292
35311,1300,1678,197,1.9709620855706902
35312,1270,1729,172,2.898032412200089
35312,1447,1689,121,2.7910210674202247
35312,1236,1480,110,2.7691889416599103
35312,1455,1939,141,2.2684898615202798
35312,1211,1870,135,1.6536960012260515
35313,539,1006,106,1.7953997784965938
35313,1030,1395,134,2.008616781055154
35313,1172,1251,158,1.8878122749112265
35313,689,1035,122,1.3423595749207975
35313,529,1471,179,2.4084617454350257
35313,906,1340,161,1.25494530387217
35313,1318,1066,199,2.8183807461508366
35313,1315,1760,195,2.399223297160095
35314,1010,1615,196,2.769025303098863
35314,1167,1162,140,2.3037331442332123
35314,1150,1430,151,1.6713264845254785
35314,1411,1103,116,1.0657752237078582
35314,1445,1092,136,2.47836368491999
35315,1041,1684,185,1.9701770916808703
35315,1369,1854,186,2.1984462033087286
35316,1436,1611,104,1.3496724285049977
35316,1131,1420,109,2.6309552784266206
35316,738,1190,162,2.6035157234071944
35316,875,1308,102,1.5744332645864747
35316,765,1458,109,2.265290343036778
35317,653,1549,104,2.7837133249247685
35317,601,1482,189,2.470191942893482
35317,894,1890,198,1.9977960433131077
35317,1493,1951,184,2.098565795259176
35318,1003,1684,183,2.7122907740087614
35319,629,1061,157,1.2260447766308014
35319,1435,1592,129,2.837902194461805
35321,853,1776,105,2.352642065636582
35321,1215,1111,182,1.3513371705847317
35322,525,1494,116,1.133914670155887
35322,1019,1620,163,1.377513942513905
35322,556,1898,188,2.638704234395653
35322,1479,1308,109,1.4013487447451098
35323,1195,1070,139,2.04836864514402
35323,1404,1685,118,2.991725416650372
35323,1020,1570,194,2.65116365086509
35323,822,1292,108,2.5143913271743745
35323,1490,1553,188,1.9861999789120155
35323,1133,1740,153,1.482507107332999
35324,811,1724,180,1.0865122849058835
35324,1366,1786,173,2.868198901737435
35325,596,1129,103,1.1729663616421149
35325,514,1074,143,2.021054728349972
35326,702,1611,107,1.9588571199334082
35326,1350,1549,190,1.5045308194252367
35326,890,1626,144,1.0120035979911375
35326,1022,1951,121,2.712015967808256
35326,522,1708,149,2.0648298976580333
35327,508,1392,129,1.4712652979220224
35327,1335,1377,184,1.96859655587098
35327,970,1525,142,2.323428570261029
35327,648,1185,166,2.3740985371076615
35328,799,1878,171,1.7213894092900317
35328,1275,1058,136,1.7117319313436348
35328,973,1735,168,2.3774871345478856
35328,685,1760,179,1.079664787226488
35328,1090,1522,119,2.7808266415284857
35328,669,1756,158,1.8711523011055513
35329,825,1429,191,2.733501790994263
35329,532,1793,123,1.1705532183431
35329,1218,1460,194,1.3464259389973456
35329,860,1961,105,2.095918862205862
35329,831,1040,182,1.4199628733370593
35330,1002,1881,174,1.065036278561579
35330,1379,1738,197,2.7855240562435375
35330,1169,1610,107,2.5094615833078273
35330,997,1141,101,2.683910022789525
35330,1360,1438,192,2.047357131884821
35331,597,1073,140,1.1593857845749533
35331,1270,1576,174,1.4464055204332864
35331,893,1465,178,2.6598077795399204
35331,743,1943,123,2.929153251784789
35331,505,1123,114,2.979754839608775
35332,1284,1178,110,2.158624956498942
35332,1011,1352,134,2.096346570975335
35332,580,1756,183,2.82821395341693
35332,1464,1168,180,1.4638973351046256
35332,1324,1379,133,1.1071662274983267
35332,1126,1872,102,2.1519924037874523
35332,1212,1962,155,1.2495091245608907
35333,576,1039,138,2.8837762167872762
35333,686,1269,120,1.3479474321636256
35333,1323,1887,170,2.9559626405065362
35333,631,1812,144,2.220374595583328
35333,1313,1065,167,2.7472845972158977
35334,685,1396,111,2.570874768664233
35334,700,1417,162,1.5350747462149015
35334,1144,1044,144,2.7216841003283805
35334,1272,1979,178,2.852172828885444
35334,595,1453,159,1.6655401915830153
35335,1000,1553,168,2.5112728917156018
35336,515,1510,160,2.751408388513151
35336,1220,1832,122,1.5726110207717459
35336,843,1492,101,2.375458389068921
35336,1162,1826,152,2.3745982785372246
35336,694,1886,162,2.31702256741657
35337,558,1946,158,1.160983704850487
35338,674,1079,102,2.5923944188507626
35339,914,1258,164,2.8152301007162057
35339,1464,1176,184,2.7062246183562513
35340,1063,1883,187,2.1556552767263994
35340,861,1104,162,2.542166708002327
35340,1198,1535,117,1.0542898739324016
35340,1400,1049,164,1.546181598171673
35340,1436,1842,165,1.9009428865889808
35341,970,1972,109,1.2347445246876525
35341,1325,1748,199,2.989014809037723
35341,947,1522,150,1.7057135638016325
35343,679,1094,116,1.2251037651891945
35343,1188,1976,108,1.3852412920856116
35343,682,1595,194,2.385401398904834
35343,657,1248,152,1.7843119789421908
35344,890,1309,104,1.8557155916200392
35344,522,1330,171,2.707135361448611
35344,768,1154,113,2.6789780153264124
35344,512,1294,185,1.9826243446488758
35344,1420,1787,140,1.659670002794077
35344,1373,1468,168,2.0534390813871983
35344,1041,1528,188,2.2188629309545016
35344,1063,1422,185,2.640970519178456
35345,1069,1636,193,2.9282475648194435
35345,629,1670,173,1.5872771577085112
35345,1095,1668,168,1.8416131280621861
35345,1446,1561,187,1.616413635844276
35346,606,1818,158,1.5675348039396428
35346,604,1382,117,2.6259712771300667
35346,1380,1579,167,1.820678470917296
35346,578,1322,194,1.1007189100387498
35346,963,1241,160,1.3059371311170225
35346,737,1714,174,2.7974480627541984
35346,778,1499,104,1.2674584331508993
35346,850,1409,128,2.8264173660435334
35346,988,1557,169,2.670264419003381
35346,832,1013,189,1.100557660716806
35347,755,1486,180,1.5990845612578777
35347,845,1114,120,2.5191811936932833
35347,879,1559,145,1.8503270024916303
35347,1066,1952,114,2.0578856863307617
35348,624,1197,133,1.5581555528692255
35348,678,1868,107,1.620447939962622
35348,1202,1605,194,1.7342049341962351
35348,1183,1830,152,1.5859124910529534
35349,882,1932,195,1.9056496361322484
35349,692,1466,182,2.1594646737857985
35349,1414,1989,161,2.5976229566921205
35350,1310,1329,116,1.001345951538601
35350,933,1617,159,2.1663824613645843
35350,1125,1335,166,1.6953974715255897
35351,1240,1823,127,1.242827758893009
35351,1318,1820,160,2.447036620571808
35351,753,1168,143,2.086428599499838
35351,1137,1340,196,1.1380716178653436
35351,808,1059,104,2.7879606426213384
35352,589,1255,122,2.197348138672277
35352,1119,1537,176,1.0023083944392492
35352,1460,1376,138,2.966486421441356
35352,1017,1716,197,2.4876172769724922
35352,984,1623,127,2.959902098806345
35353,564,1402,116,1.124110153232622
35353,1224,1431,155,2.046121883526
35353,708,1888,109,1.389633700022821
35353,894,1010,134,1.8142436785200735
35353,672,1188,102,2.80334324967926
35353,1493,1465,150,1.0706789350583843
35353,1190,1697,114,2.2752511416501653
35354,926,1398,171,1.0617820714327248
35354,621,1249,169,2.0074185091519174
35354,1326,1118,189,2.736992927544735
35355,772,1960,167,2.899388498561299
35355,968,1963,149,1.4372675004529125
35355,1326,1266,160,2.5777440248327452
35355,1023,1271,198,1.097734889645959
35355,1405,1059,163,2.7686437044078716
35355,629,1410,189,2.9819885045650056
35355,1147,1530,169,2.3563134536243364
35356,1103,1118,112,2.3773990602070754
35356,1038,1264,137,2.569393739853762
35356,1372,1654,138,1.2104365020413355
35357,851,1265,170,1.934234214391443
35357,1252,1520,166,2.599825153369403
35358,600,1309,130,2.394314665745806
35358,1167,1109,169,1.4412053909987061
35358,1251,1508,144,1.5695579812013056
35358,885,1693,103,2.700425995581736
35358,894,1844,103,2.348053597013666
35358,775,1608,118,2.3601927794912605
35359,780,1271,102,2.325596031449856
35359,536,1339,137,1.6379925935524258
35359,1402,1512,116,2.351590954365598
35359,1040,1619,146,2.7446417567666073
35359,635,1780,151,2.704017896924631
35360,620,1476,149,2.357090965373656
35360,1132,1497,141,2.978693002361953
35360,836,1116,142,1.3299145855837933
35361,740,1429,172,2.5530686616475977
35361,857,1241,132,1.1848058954813288
35361,1255,1446,133,1.8902821772899825
35361,1285,1822,181,1.162088852180893
35362,1112,1741,174,1.1761098487054886
35362,833,1134,192,1.3901701301154283
35362,910,1397,135,2.459145249064302
35362,859,1692,159,1.2628599716982984
35362,1431,1428,150,2.515253200185004
35363,585,1770,135,1.6647224231405604
35363,1244,1271,114,2.947350525158165
35364,1224,1946,168,2.5250991236945266
35364,1116,1838,173,2.243151305930713
35364,817,1130,160,2.8916304533104045
35364,533,1054,197,1.91094219908516
35365,788,1773,176,2.4917985453225686
35365,1433,1191,158,2.8853894284563095
35366,1039,1746,185,1.597361400861793
35366,1053,1612,196,2.724754087451738
35366,532,1919,155,2.2688530099677733
35366,803,1718,139,2.5489085821681368
35366,648,1606,107,1.2398392843635484
35366,629,1564,193,1.2363366748760651
35367,572,1851,125,1.4847646040889042
35367,1154,1956,195,2.3853781006796373
35367,1396,1248,165,1.8154144785448887
35368,783,1929,128,1.0563707077249178
35368,1471,1032,159,2.6566002474183072
35368,1163,1842,129,1.0843854811290017
35369,1157,1987,133,2.542115227832326
35369,1233,1825,166,1.9142222592781977
35369,922,1266,133,2.344738266540093
35369,1370,1211,118,2.34883106629076
35370,960,1098,102,2.515552008438738
35370,1443,1014,111,2.349803972237772
35370,1438,1184,121,1.290302051182326
35370,1292,1744,169,1.3466469599613953
35371,774,1925,166,2.453225105156254
35371,1103,1363,184,1.3710695647957394
35371,858,1279,159,2.312156564810559
35372,1047,1258,104,2.096138360795302
35372,1499,1879,113,2.2328871737450235
35372,1497,1804,127,1.9021878996786572
35372,596,1769,155,2.0375066526166243
35373,1460,1177,136,1.282933595721836
35373,1111,1219,134,2.0724926265802646
35373,501,1196,186,1.5874109531585436
35373,1421,1426,136,1.6553936809403567
35373,726,1673,152,2.378108861600473
35373,959,1796,156,2.962365133863859
35373,719,1382,197,1.1338673786865927
35374,1063,1372,156,1.0399860410549444
35374,1307,1211,184,2.6786249355504888
35374,1394,1405,172,1.39191429462321
35374,1286,1113,132,1.794284273139226
35374,999,1181,173,1.4508148520731972
35374,1411,1005,154,1.8471943413742695
35374,686,1494,174,1.095729920505774
35375,1195,1382,123,1.5430171872154645
35375,1400,1293,122,2.647573152169181
35375,785,1677,158,2.8281694659334864
35376,1257,1119,114,1.776912754690199
35376,1077,1577,184,1.5477623028271048
35376,520,1836,109,1.2108200185155327
35377,1030,1248,118,1.0906764804131324
35377,913,1502,195,2.3986595879018378
35378,658,1694,136,1.8996201827311165
35379,1158,1986,198,1.0429845375038185
35379,629,1753,175,2.8934192709938786
35380,1358,1663,168,1.1472860887666887
35380,1020,1608,133,1.8483622266242485
35380,1111,1505,119,2.817432374627499
35380,785,1939,194,1.6405118245967112
35381,1338,1690,110,2.130540326045044
35381,732,1564,108,1.1115757462969718
35381,936,1659,155,1.2369939505740783
35382,565,1374,116,2.898123700603785
35382,1192,1583,109,1.8642876986766654
35382,1448,1938,154,1.2873265438004513
35382,645,1231,161,2.777125389316179
35382,1152,1792,167,1.6583137481328027
35383,1427,1207,103,1.8740362700155748
35383,642,1149,196,1.9049791743268698
35383,948,1109,121,1.4456052399205268
35383,744,1668,149,1.3411399711049978
35383,1459,1635,108,1.1806443277925285
35384,542,1178,107,2.046046186199767
35384,716,1292,176,2.70123138389239
35385,1230,1137,159,2.0962862380053795
35385,743,1681,151,1.3315382790899795
35385,1463,1659,170,2.14646731714347
35385,1187,1323,139,2.244745437740148
35386,855,1791,177,1.3996337419504161
35386,571,1910,135,2.240446089439476
35386,734,1174,139,2.5331147450396037
35386,698,1004,157,1.4116403726590079
35386,647,1247,165,2.6903561563290026
35387,1133,1235,165,2.4193578944853957
35387,611,1486,135,1.9938418247184908
35388,948,1824,151,1.6650441291946403
35388,1496,1103,186,2.406348963323703
35388,1197,1443,107,1.8289174794095784
35389,814,1041,180,1.5060494770658344
35389,841,1399,116,1.1885865201242418
35389,755,1017,190,2.000284831097056
35389,842,1460,107,2.895005034538674
35389,1410,1093,176,2.8790527437696625
35390,974,1111,163,1.4197666617768003
35390,1105,1959,126,2.6254346872867993
35390,1422,1222,120,1.7752250178123383
35390,1083,1929,128,2.8983048257810573
35391,590,1777,123,1.8249579611400313
35391,1183,1033,196,1.3075754853749755
35391,876,1084,138,2.8513226020940796
35391,697,1581,131,2.550391202223641
35391,1288,1253,107,2.106901378197057
35391,1249,1272,109,1.8323228133769844
35391,779,1648,169,1.2026405735795482
35392,677,1467,164,2.79682895142881
35392,1300,1008,173,1.7305528632568479
35392,734,1926,158,1.6920103044663528
35392,1295,1326,164,2.32902253144855
35393,1284,1776,187,1.8829715291377875
35393,712,1633,100,1.2715277082486631
35393,813,1740,175,2.9557202936764195
35394,769,1921,149,2.4773573274975718
35394,535,1050,140,1.1062804653777047
35394,579,1921,139,1.2735969652477366
35394,975,1059,185,2.8645996126527176
35394,826,1730,168,2.1432403418475934
35394,1414,1845,125,2.9027357125758235
35395,1269,1695,175,2.2081854697811654
35395,711,1876,107,1.441998860181313
35396,1010,1823,137,1.008488741556201
35396,1056,1450,199,2.795441658536094
35396,1136,1066,118,2.0353613735666554
35396,1092,1641,111,2.5538790883443783
35396,838,1843,171,1.7030086661538124
35397,1063,1547,110,1.247641713776824
35397,526,1594,104,2.415836612244626
35397,1437,1213,121,2.8179175654532562
35397,1415,1143,133,1.4598048575253537
35398,1467,1507,150,2.879003995672424
35398,936,1625,157,1.3714183123876587
35398,648,1039,128,2.8889686579029052
35399,1301,1440,126,2.7038461188527076
35399,533,1170,130,2.855069383168007
35399,1129,1607,168,1.0373901022672976
35399,1205,1339,148,1.0364759555558185
35399,728,1748,100,2.1411729348053585
35399,1004,1104,167,2.1222395984606996
